country,city
Spain,A Coruña
Germany,Aachen
Denmark,Aalborg
Denmark,Aarhus
Nigeria,"Aba, Nigeria"
Iran,"Abadan, Iran"
Brazil,Abaetetuba
Russia,Abakan
Pakistan,Abbotabad
Canada,"Abbotsford, British Columbia"
Ivory Coast,Abengourou
Nigeria,Abeokuta
United Kingdom,Aberdeen
Saudi Arabia,Abha
Ivory Coast,Abidjan
Japan,"Abiko, Chiba"
United States,"Abilene, Texas"
India,Abohar
Iraq,Abu Al-Khaseeb
United Arab Emirates,Abu Dhabi
Iraq,Abu Ghraib
Nigeria,Abuja
Brazil,Açailândia
Mexico,Acapulco
Venezuela,Acarigua
Ghana,Accra
India,Achalpur
China,Acheng District
Russia,Achinsk
Ethiopia,Adama
Turkey,Adana
Turkey,Adapazarı
Ethiopia,Addis Ababa
Australia,Adelaide
Yemen,Aden
Iraq,Adhamiyah
India,Adilabad
India,Adityapur
Turkey,Adıyaman
Nigeria,Ado-Ekiti
India,Adoni
Turkey,Afyon
Morocco,Agadir
India,Agartala
Japan,Ageo
India,Agra
Turkey,Ağrı
Brazil,Águas Lindas de Goiás
Mexico,"Aguascalientes, Aguascalientes"
India,Ahmedabad
India,Ahmednagar
Mexico,Ahome
Iran,Ahvaz
Algeria,"Aïn Beïda, Oum El Bouaghi"
France,Aix-en-Provence
India,Aizawl
Japan,Aizuwakamatsu
Canada,"Ajax, Ontario"
United Arab Emirates,Ajman
India,Ajmer
Japan,"Akashi, Hyōgo"
India,"Akbarpur, Ambedkar Nagar"
China,Akesu
Japan,Akishima
Japan,"Akita, Akita"
India,Akola city
United States,"Akron, Ohio"
Turkey,Aksaray
Kazakhstan,Aktau
Kazakhstan,Aktobe
United Arab Emirates,Al Ain
Egypt,Al 'Arish
Iraq,Al Hartha
Saudi Arabia,Al Hawiyah
Iraq,Al Khalis
Egypt,"Al Minya, Egypt"
Sudan,Al Qadarif
Qatar,Al Rayyan
Brazil,Alagoinhas
Costa Rica,Alajuela
India,Alandur
Turkey,Alanya
India,Alappuzha
Spain,Albacete
United States,"Albuquerque, New Mexico"
Spain,Alcalá de Henares
Ukraine,Alchevsk
Spain,Alcobendas
Spain,Alcorcón
Syria,Aleppo
South Africa,"Alexandra, Gauteng"
United States,"Alexandria, Virginia"
Egypt,Alexandria
Sudan,Al-Fashir
Spain,Algeciras
Algeria,Algiers
Syria,Al-Hasakah
Spain,Alicante
India,"Aligarh, Uttar Pradesh"
Netherlands,Alkmaar
India,Allahabad
India,Allappuzha
United States,"Allentown, Pennsylvania"
Portugal,Almada Municipality
Kazakhstan,Almaty
Iraq,Al-Mejar Al-Kabi District
Netherlands,Almere
Spain,Almería
Russia,Almetyevsk
Brazil,"Almirante Tamandaré, Paraná"
Malaysia,Alor Setar
Netherlands,Alphen aan den Rijn
Iraq,Al-Qa'im (town)
Iraq,Al-Qurnah
Iraq,Al-Rifa'i District
Iraq,Al-Shatrah
Iraq,Al-Suwaira
Brazil,"Altamira, Pará"
China,Altay City
Saudi Arabia,Al-Thuqbah
Brazil,Alvorada
Iraq,"Al-Wahda, Baghdad (page does not exist)"
India,Alwar
Portugal,Amadora
Japan,Amagasaki
Iraq,Amarah
India,Amaravati (state capital)
United States,"Amarillo, Texas"
India,Ambala Sadar
India,Ambala
India,Ambarnath
Ecuador,"Ambato, Ecuador"
India,Ambattur
India,"Ambikapur, Chhattisgarh"
Indonesia,"Ambon, Maluku"
India,Ambur
Brazil,"Americana, São Paulo"
Netherlands,Amersfoort
France,Amiens
Jordan,Amman
Iran,Amol
India,Amravati
India,Amreli
India,Amritsar
India,Amroha
Netherlands,Amsterdam
Venezuela,Anaco
United States,"Anaheim, California"
India,"Anand, Gujarat"
Brazil,Ananindeua
India,Anantapur
India,Anantnag
Brazil,Anápolis
United States,"Anchorage, Alaska"
Italy,Ancona
China,"Anda, Heilongjiang"
Belgium,Anderlecht
Uzbekistan,Andijan
Iran,Andimeshk
South Korea,Andong
Italy,Andria
Russia,Angarsk
Philippines,Angeles City
France,Angers
Brazil,Angra dos Reis
Uzbekistan,"Angren, Uzbekistan"
Japan,"Anjō, Aichi"
North Korea,"Anju, South Pyongan"
China,Ankang
Turkey,Ankara
China,Anlu
United States,"Ann Arbor, Michigan"
Algeria,Annaba
China,Anqing
South Korea,Ansan
China,Anshan
China,Anshun
Turkey,Antakya
Turkey,Antalya
Madagascar,Antananarivo
United States,"Antioch, California"
Philippines,Antipolo City
Chile,"Antofagasta, Chile"
Madagascar,Antsirabe
Belgium,Antwerp
Ivory Coast,Anyama
South Korea,"Anyang, Gyeonggi"
China,Anyang
Japan,"Aomori, Aomori"
Brazil,Aparecida de Goiânia
Colombia,Apartadó
Netherlands,Apeldoorn
El Salvador,Apopa
Brazil,Apucarana
Jordan,Aqaba
Brazil,Aracaju
Brazil,Araçatuba
Romania,"Arad, Romania"
Brazil,Araguaína
Brazil,Araguari
Iran,"Arak, Iran"
Brazil,Arapiraca
Brazil,Arapongas
Saudi Arabia,"Arar, Saudi Arabia"
Brazil,Araraquara
Brazil,Araras
Brazil,Araruama
Brazil,Araucária
Venezuela,Araure
Philippines,"Arayat, Pampanga"
Iran,Ardabil
Peru,Arequipa
France,Argenteuil
Chile,"Arica, Chile"
Brazil,Ariquemes
Russia,Arkhangelsk
United States,"Arlington, Texas"
United States,"Arlington, Virginia"
Russia,"Armavir, Russia"
Colombia,"Armenia, Colombia"
Netherlands,Arnhem
India,Arrah
Jordan,Ar-Ramtha
Russia,"Artyom, Russia"
Tanzania,Arusha
United States,"Arvada, Colorado"
Russia,Arzamas
Japan,Asahikawa
Japan,"Asaka, Saitama"
India,Asansol
Turkmenistan,Aşgabat
Ghana,Ashaiman
Israel,Ashdod
Japan,"Ashikaga, Tochigi"
Israel,Ashkelon
India,"Ashoknagar, North 24 Parganas"
Eritrea,Asmara
Brazil,Assis
Russia,Astrakhan
Paraguay,Asunción
Egypt,Aswan
Egypt,Asyut
United States,"Athens, Georgia"
Greece,Athens
Kenya,Athi River (town)
Brazil,Atibaia
United States,"Atlanta, Georgia"
Japan,"Atsugi, Kanagawa"
China,Atushi
Kazakhstan,Atyrau
New Zealand,Auckland
Germany,Augsburg
United States,"Augusta, Georgia"
India,"Aurangabad, Bihar"
India,"Aurangabad, Maharashtra"
United States,"Aurora, Colorado"
United States,"Aurora, Illinois"
United States,"Austin, Texas"
India,Avadi
Argentina,Avellaneda
Ethiopia,Awasa
Peru,Ayacucho
Turkey,Aydın
India,Azamgarh
Dominican Republic,"Azua, Dominican Republic"
Netherlands,Zaanstad
Iran,Zabol
Poland,Zabrze
Mexico,"Zacatecas, Zacatecas"
Egypt,Zagazig
Croatia,Zagreb
Iran,Zahedan
Japan,"Zama, Kanagawa"
Philippines,Zamboanga City
Mexico,"Zamora, Michoacán"
Iran,"Zanjan, Iran"
Tanzania,Zanzibar City
China,Zaoyang
China,Zaozhuang
Mexico,Zapopan
Ukraine,Zaporizhia
Spain,Zaragoza
Nigeria,Zaria
Jordan,Zarqa
Russia,Zelenograd
Bosnia and Herzegovina,Zenica
China,Zhalantun
China,Zhangjiagang
China,Zhangjiajie
China,Zhangjiakou
China,Zhangshu
China,Zhangye
China,Zhangzhou
China,Zhanjiang
China,Zhaodong
China,Zhaoqing
China,Zhaotong
Russia,"Zheleznodorozhny, Moscow Oblast"
China,Zhengzhou
China,Zhenjiang
China,Zhongshan
China,Zhoukou
China,Zhoushan
China,Zhucheng
China,Zhuhai
China,Zhuji
Russia,"Zhukovsky, Moscow Oblast"
China,Zhumadian
China,Zhuozhou
China,Zhuzhou
Ukraine,Zhytomyr
China,Zibo
Poland,Zielona Góra
China,Zigong
Senegal,Ziguinchor
Niger,Zinder
Colombia,Zipaquirá
China,Zixing
Russia,Zlatoust
Netherlands,Zoetermeer
Turkey,Zonguldak
Serbia,Zrenjanin
China,Zunyi
Switzerland,Zürich
Libya,Zuwarah
Netherlands,Zwolle
Japan,"Yachiyo, Chiba"
Japan,"Yaizu, Shizuoka"
China,Yakeshi
Russia,Yakutsk
Turkey,Yalova
Japan,"Yamagata, Yamagata"
Japan,"Yamaguchi, Yamaguchi"
Japan,"Yamato, Kanagawa"
Ivory Coast,Yamoussoukro
India,Yamuna Nagar
China,Yan'an
Saudi Arabia,Yanbu
China,Yancheng
China,Yangjiang
Myanmar,Yangon
China,Yangquan
China,Yangzhou
China,Yanji
China,Yantai
Japan,"Yao, Osaka"
Cameroon,Yaoundé
Russia,Yaroslavl
Iran,Yasuj
Japan,"Yatsushiro, Kumamoto"
India,Yavatmal
Iran,Yazd
Russia,Yekaterinburg
Russia,Yelets
Ukraine,Yenakiieve
South Korea,Yeosu
Armenia,Yerevan
Russia,Yessentuki
,Yevpatoria
China,Yibin
China,Yichang
China,"Yichun, Heilongjiang"
China,"Yichun, Jiangxi"
China,"Yidu, Hubei"
China,"Yima, Henan"
China,Yinchuan
China,Yingcheng
China,Yingkou
China,Yingtan
China,Yining City
China,Yiwu
China,Yixing
China,Yiyang
China,Yizheng
Indonesia,Yogyakarta
Japan,"Yokkaichi, Mie"
Japan,Yokohama
Japan,"Yokosuka, Kanagawa"
Japan,"Yonago, Tottori"
China,Yong'an
China,Yongzhou
United States,"Yonkers, New York"
Colombia,Yopal
United Kingdom,York
Russia,Yoshkar-Ola
China,Yuanjiang
China,Yueyang
China,"Yulin, Guangxi"
China,"Yulin, Shaanxi"
China,Yumen City
China,Yuncheng
Iraq,Yusufiyah
China,Yuxi
China,Yuyao
Russia,Yuzhno-Sakhalinsk
China,"Yuzhou, Henan"
Mozambique,Xai-Xai
Mexico,Xalapa
China,Xiamen
China,Xi'an
China,Xiangtan
China,Xiangyang
China,Xianning
China,Xiantao
China,Xianyang
China,Xiaogan
China,Xiaoshan District
China,Xichang
China,Xilinhot
China,Xingcheng
China,"Xinghua, Jiangsu"
China,Xingtai
China,Xingyi City
China,Xining
China,Xinji
China,Xintai
China,Xinxiang
China,Xinyang
China,"Xinyi, Guangdong"
China,Xinyu
China,Xinzhou
Uzbekistan,Xo‘jayli
Mexico,Xochimilco
China,Xuancheng
China,Xuchang
United States,"Waco, Texas"
Sudan,Wad Madani
China,Wafangdian
Pakistan,Wah Cantonment
Japan,"Wakayama, Wakayama"
Poland,Wałbrzych
Suriname,Wanica District
China,Wanzhou District
India,Warangal
India,Wardha
United States,"Warren, Michigan"
United Kingdom,Warrington
Poland,Warsaw
United States,"Washington, D.C."
United States,"Waterbury, Connecticut"
South Sudan,"Wau, South Sudan"
China,Weifang
China,Weihai
China,Weihui
China,Weinan
New Zealand,Wellington
China,Wendeng District
China,Wenzhou
United Kingdom,West Bromwich
United States,"West Covina, California"
United States,"West Jordan, Utah"
United States,"West Valley City, Utah"
Netherlands,"Westland (municipality), Netherlands"
United States,"Westminster, Colorado"
Canada,"Whitby, Ontario"
United States,"Wichita Falls, Texas"
United States,"Wichita, Kansas"
Germany,Wiesbaden
Curaçao,Willemstad
United States,"Wilmington, North Carolina"
Namibia,Windhoek
Canada,"Windsor, Ontario"
Canada,Winnipeg
United States,"Winston-Salem, North Carolina"
Switzerland,Winterthur
Poland,Włocławek
Germany,Wolfsburg
Australia,Wollongong
United Kingdom,Wolverhampton
South Korea,Wonju
North Korea,Wonsan
United States,"Worcester, Massachusetts"
Poland,Wrocław
China,Wu'an
China,Wuhai
China,Wuhan
China,Wuhu
Germany,Wuppertal
Germany,Würzburg
China,"Wuwei, Gansu"
China,Wuxi
China,Wuxue
China,"Wuyishan, Fujian"
China,"Wuzhong, Ningxia"
China,Wuzhou
Mauritius,Vacoas-Phoenix
India,Vadodara
Chile,Valdivia
Philippines,"Valencia, Bukidnon"
Venezuela,"Valencia, Carabobo"
Spain,Valencia
Philippines,"Valenzuela, Metro Manila"
Venezuela,Valera
Brazil,Valinhos
Spain,Valladolid
Mexico,Valle de Chalco
Colombia,Valledupar
United States,"Vallejo, California"
Brazil,Valparaíso de Goiás
Chile,Valparaíso
India,Valsad
Turkey,"Van, Turkey"
United States,"Vancouver, Washington"
Canada,Vancouver
Finland,Vantaa
India,Vapi
Iran,Varamin
India,Varanasi
Brazil,Varginha
Bulgaria,Varna
Brazil,"Várzea Grande, Mato Grosso"
Brazil,Várzea Paulista
India,Vasai-Virar
Sweden,Västerås
Canada,Vaughan
Russia,Veliky Novgorod
India,Vellore
Italy,Venice
Netherlands,Venlo
Mexico,Veracruz (city)
India,Veraval
Italy,Verona
Brazil,Vespasiano
Brazil,Viamão
Argentina,"Vicente López, Buenos Aires"
Italy,Vicenza
Canada,"Victoria, British Columbia"
United States,"Victorville, California"
India,Vidisha
Austria,Vienna
Laos,Vientiane
Spain,Vigo
Kenya,Vihiga
India,Vijayawada
Portugal,Vila Nova de Gaia
Brazil,Vila Velha
Chile,Villa Alemana
Guatemala,"Villa Nueva, Guatemala"
Mexico,Villahermosa
Honduras,"Villanueva, Cortés"
Colombia,Villavicencio
France,Villeurbanne
Lithuania,Vilnius
Chile,Viña del Mar
Vietnam,Vinh
Ukraine,Vinnytsia
Turkey,Viranşehir
United States,"Virginia Beach, Virginia"
India,Visakhapatnam
United States,"Visalia, California"
Belarus,Vitebsk
Brazil,Vitória da Conquista
Brazil,Vitória de Santo Antão
Brazil,"Vitória, Espírito Santo"
Spain,Vitoria-Gasteiz
India,Vizianagaram
Russia,Vladikavkaz
Russia,"Vladimir, Russia"
Russia,Vladivostok
Albania,Vlorë
Russia,Volgodonsk
Russia,Volgograd
Russia,Vologda
Greece,Volos
Brazil,Volta Redonda
Russia,"Volzhsky, Volgograd Oblast"
Russia,Voronezh
South Africa,Vosloorus
Brazil,Votorantim
Vietnam,Vũng Tàu
Brazil,Ubá
Japan,"Ube, Yamaguchi"
Brazil,Uberaba
Brazil,Uberlândia
Thailand,Ubon Ratchathani
India,Udaipur
India,Udgir
Italy,Udine
Thailand,Udon Thani
India,Udupi
Japan,"Ueda, Nagano"
Russia,Ufa
Japan,"Uji, Kyoto"
India,Ujjain
Mongolia,Ulaanbaatar
China,Ulan Hot
China,Ulanqab
Russia,Ulan-Ude
India,Ulhasnagar
Germany,Ulm
South Korea,Ulsan
India,Uluberia
Russia,Ulyanovsk
South Africa,Umlazi
Brazil,Umuarama
Saudi Arabia,Unaizah
India,Unnao
Sweden,Uppsala
Japan,"Urasoe, Okinawa"
Japan,"Urawa-ku, Saitama"
Japan,Urayasu
Philippines,"Urdaneta, Pangasinan"
Uzbekistan,Urgench
Colombia,"Uribia, La Guajira"
Iran,Urmia
Mexico,Uruapan
Brazil,Uruguaiana
Japan,Uruma
China,Ürümqi
Turkey,Uşak
Russia,Ussuriysk
Netherlands,Utrecht
Japan,Utsunomiya
India,Uttarpara
Ukraine,Uzhhorod
Saudi Arabia,Ta’if
Philippines,Tabaco City
Brazil,Taboão da Serra
Iran,Tabriz
Saudi Arabia,"Tabuk, Saudi Arabia"
China,Tacheng
Japan,Tachikawa
Philippines,Tacloban City
Peru,Tacna
United States,"Tacoma, Washington"
India,Tadepalligudem
India,Tadipatri
Russia,Taganrog
Philippines,Taguig City
Philippines,Tagum City
Niger,Tahoua
China,Tai'an
Taiwan,Taichung
Taiwan,Tainan City
Taiwan,Taipei
Malaysia,"Taiping, Perak"
China,Taiyuan
Yemen,Taiz
China,"Taizhou, Jiangsu"
China,"Taizhou, Zhejiang"
Iraq,"Taji, Iraq"
Japan,Tajimi
Japan,"Takamatsu, Kagawa"
Japan,"Takaoka, Toyama"
Japan,"Takarazuka, Hyogo"
Japan,Takasaki
Japan,Takatsuki
Iraq,Tal Afar
Philippines,"Talavera, Nueva Ecija"
Chile,"Talca, Chile"
Chile,"Talcahuano, Chile"
Kazakhstan,Taldıqorğan
Philippines,"Talisay City, Cebu"
United States,"Tallahassee, Florida"
Estonia,Tallinn
Afghanistan,Taloqan
Japan,"Tama, Tokyo"
Ghana,"Tamale, Ghana"
India,Tambaram
Russia,Tambov
United States,"Tampa, Florida"
Finland,Tampere
Mexico,Tampico
Philippines,Tanauan City
North Korea,Tanchon
Argentina,Tandil
Pakistan,Tandoadam
Tanzania,"Tanga, Tanzania"
Bangladesh,Tangail
Indonesia,Tangerang
Morocco,Tangier
China,Tangshan
Indonesia,Tanjung Pinang
Indonesia,Tanjungbalai (city)
Egypt,Tanta
Philippines,"Tanza, Cavite"
China,Taonan
Morocco,"Taourirt, Morocco"
Mexico,Tapachula
Italy,Taranto
Peru,Tarapoto
Kazakhstan,Taraz
Romania,Târgu-Mureş
Venezuela,Táriba
Bolivia,"Tarija, Bolivia"
Philippines,Tarlac City
Poland,Tarnów
Spain,Tarragona
Turkey,Tarsus (city)
Syria,Tartus
Uzbekistan,Tashkent
Brazil,Tatuí
Brazil,Taubaté
Myanmar,Taunggyi
New Zealand,Tauranga
Malaysia,Tawau
Philippines,"Taytay, Rizal"
Morocco,Taza
Georgia (country),Tbilisi
Algeria,Tébessa
Indonesia,Tebing Tinggi
Mexico,Tecomán
Indonesia,Tegal (city)
Honduras,Tegucigalpa
Iran,Tehran
Mexico,"Tehuacán, Puebla"
Brazil,Teixeira de Freitas
Turkey,Tekirdağ
Israel,Tel Aviv
Spain,Telde
United Kingdom,Telford
Ghana,Tema
Morocco,Temara
South Africa,Tembisa
United States,"Temecula, California"
Kazakhstan,Temirtau
United States,"Tempe, Arizona"
Chile,"Temuco, Chile"
India,Tenali
China,Tengzhou
Brazil,Teófilo Otoni
Mexico,Tepatitlán
Mexico,Tepic
Brazil,Teresina
Brazil,Teresópolis
Uzbekistan,Termez
Italy,Terni
Ukraine,Ternopil
Spain,Terrassa
Mozambique,"Tete, Mozambique"
Morocco,Tétouan
Vietnam,Thai Nguyen
India,Thane
India,Thanesar
India,Thanjavur
Greece,Thessaloniki
Senegal,Thiès
Kenya,Thika
Bhutan,Thimphu
India,Thiruvananthapuram
India,Thoothukudi
United States,"Thornton, Colorado"
United States,"Thousand Oaks, California"
India,Thrissur
Canada,Thunder Bay
China,Tianjin
China,Tianmen
China,Tianshui
Algeria,Tiaret
China,Tieli
China,Tieling
Mexico,Tijuana
Iraq,Tikrit
Netherlands,Tilburg
Romania,Timişoara
Brazil,"Timon, Maranhão"
Nicaragua,Tipitapa
Albania,Tirana
India,Tiruchchirappalli
India,Tiruchirappalli
India,Tirunelveli
India,"Tirupati, Andhra Pradesh"
India,Tiruppur
India,Tiruvannamalai
India,Tiruvottiyur
India,Titagarh
Algeria,Tizi Ouzou
Mexico,Tlalnepantla de Baz
Mexico,Tlalpan
Mexico,Tlaquepaque
Mexico,Tlaxcala
Algeria,Tlemoen
Madagascar,Toamasina
Japan,"Tochigi, Tochigi"
Venezuela,Tocuyito
Japan,"Toda, Saitama"
Japan,"Tōkai, Aichi"
Turkey,Tokat
North Korea,Tokchon
Japan,Tokorozawa
Japan,Tokushima
Japan,"Tokuyama, Yamaguchi"
Japan,Tokyo
Philippines,"Toledo City, Cebu"
United States,"Toledo, Ohio"
Brazil,"Toledo, Paraná"
Madagascar,Toliara
Mexico,Toluca
Russia,Tolyatti
Japan,Tomakomai
Russia,Tomsk
Japan,Tondabayashi
China,Tongchuan
China,Tonghua
Bangladesh,Tongi
China,"Tongjiang, Heilongjiang"
China,Tongliao
China,Tongling
China,Tongren
India,"Tonk, India"
Australia,Toowoomba
United States,"Topeka, Kansas"
Iran,Torbat-e Heydarieh
Japan,"Toride, Ibaraki"
Canada,Toronto
United States,"Torrance, California"
Spain,Torrejón de Ardoz
Mexico,Torreón
Poland,Toruń
Japan,"Tottori, Tottori"
Algeria,Touggourt
France,Toulon
France,Toulouse
France,Tours
Australia,Townsville
Japan,"Toyama, Toyama"
Japan,Toyohashi
Japan,Toyokawa
Japan,Toyonaka
Japan,"Toyota, Aichi"
Turkey,Trabzon
Italy,Trento
Brazil,Três Lagoas
Germany,Trier
Italy,Trieste
Brazil,"Trindade, Goiás"
Lebanon,"Tripoli, Lebanon"
Libya,"Tripoli, Libya"
Canada,"Trois-Rivières, Quebec"
Norway,Trondheim
Peru,"Trujillo, Peru"
Japan,"Tsu, Mie"
Japan,Tsuchiura
Japan,Tsukuba
Japan,Tsuruoka
Japan,Tsuyama
Brazil,Tubarão
United States,"Tucson, Arizona"
Brazil,Tucuruí
Philippines,Tuguegarao City
Mexico,Tula de Allende
Russia,"Tula, Russia"
Mexico,Tulancingo
United States,"Tulsa, Oklahoma"
Colombia,Tulua
China,Tulufan
Colombia,Tumaco
Ecuador,Tumbes (city)
Peru,"Tumbes, Peru"
China,"Tumen, Jilin"
India,Tumkur
Tunisia,Tunis
Colombia,Tunja
Colombia,"Turbo, Colombia"
Turkey,Turgutlu
Turkey,Turhal
Italy,Turin
Kazakhstan,Turkistan (city)
Turkmenistan,Turkmenabat
Finland,Turku
India,Tuticorin
Mexico,Tuxpan
Mexico,Tuxtla Gutiérrez
Iraq,Tuz Khurmatu
Bosnia and Herzegovina,Tuzla
Russia,Tver
Poland,Tychy
Russia,Tyumen
India,S.A.S. Nagar
Canada,"Saanich, British Columbia"
Germany,Saarbrücken
Spain,Sabadell
Brazil,Sabára
Iran,Sabzewar
Bolivia,Sacaba
United States,"Sacramento, California"
Pakistan,"Sadiqabad, Punjab"
Iraq,Sadr City
Morocco,"Safi, Morocco"
Japan,"Saga, Saga"
Japan,Sagamihara
India,"Sagar, Madhya Pradesh"
Philippines,Sagay City
Canada,"Saguenay, Quebec"
Oman,Saham
India,Saharanpur
India,Saharsa
Pakistan,Sahiwal
Algeria,"Saida, Algeria"
Bangladesh,"Saidpur, Rajshahi Division"
Japan,"Saijō, Ehime"
Russia,Saint Petersburg
Réunion,"Saint-Denis, Réunion"
France,"Saint-Denis, Seine-Saint-Denis"
France,Saint-Étienne
Senegal,"Saint-Louis, Senegal"
Réunion,"Saint-Paul, Réunion"
Japan,"Saitama, Saitama"
Japan,"Sakado, Saitama"
Japan,"Sakai, Osaka"
Saudi Arabia,Sakakah
Japan,"Sakata, Yamagata"
Japan,"Sakura, Chiba"
Oman,Salalah
Mexico,"Salamanca, Guanajuato"
Spain,Salamanca
Indonesia,Salatiga
Russia,"Salavat, Russia"
Morocco,Salé
United States,"Salem, Oregon"
India,"Salem, Tamil Nadu"
Italy,Salerno
Belarus,Salihorsk
United States,"Salinas, California"
Kuwait,Salmiya
United States,"Salt Lake City, Utah"
Argentina,Salta
Mexico,Saltillo
Brazil,"Salto, São Paulo"
Brazil,"Salvador, Bahia"
Austria,Salzburg
Germany,Salzgitter
Russia,"Samara, Russia"
Indonesia,Samarinda
Uzbekistan,Samarkand
Iraq,Samarra
Iraq,Samawah
India,Sambalpur
India,Sambhal
Turkey,Samsun
United States,"San Antonio, Texas"
United States,"San Bernardino, California"
Chile,"San Bernardo, Chile"
United States,"San Buenaventura, California"
Philippines,"San Carlos City, Negros Occidental"
Philippines,"San Carlos City, Pangasinan"
Spain,San Cristóbal de La Laguna
Mexico,San Cristóbal de Las Casas
Dominican Republic,"San Cristóbal, Dominican Republic"
Venezuela,"San Cristóbal, Táchira"
United States,"San Diego, California"
Philippines,"San Fernando City, La Union"
Philippines,"San Fernando City, Pampanga"
Venezuela,San Fernando de Apure
Argentina,San Fernando del Valle de Catamarca
Dominican Republic,San Francisco de Macorís
Mexico,San Francisco del Rincón
United States,"San Francisco, California"
Costa Rica,San José (Costa Rica)
Philippines,"San Jose City, Nueva Ecija"
Philippines,San Jose del Monte City
United States,"San Jose, California"
Philippines,"San Jose, Occidental Mindoro"
Mexico,San Juan Bautista Tuxtepec
Philippines,"San Juan City, Metro Manila"
Colombia,San Juan de Girón
Dominican Republic,San Juan de la Maguana
Mexico,San Juan del Río
Argentina,"San Juan, Argentina"
Puerto Rico,"San Juan, Puerto Rico"
Paraguay,San Lorenzo (Paraguay)
Mexico,San Luis Potosí
Mexico,San Luis Río Colorado
Argentina,"San Luis, Argentina"
El Salvador,"San Martín, San Salvador"
Philippines,"San Mateo, Rizal"
Argentina,San Miguel de Tucumán
Philippines,"San Miguel, Bulacan"
El Salvador,"San Miguel, El Salvador"
Panama,San Miguelito District
Argentina,San Nicolás de los Arroyos
Mexico,San Nicolás de los Garza
Philippines,"San Pablo, Laguna"
Chile,San Pedro de la Paz
Dominican Republic,San Pedro de Macoris
Honduras,San Pedro Sula
Philippines,"San Pedro, Laguna"
Argentina,"San Rafael, Mendoza"
Argentina,San Salvador de Jujuy
El Salvador,San Salvador
Spain,San Sebastián
Yemen,Sana'a
Iran,Sanandaj
Cuba,Sancti Spíritus
Japan,"Sanda, Hyogo"
Malaysia,Sandakan
India,Sangli
Turkey,Şanlıurfa
China,Sanmenxia
China,Sanming
Japan,"Sano, Tochigi"
Ivory Coast,"San-Pédro, Ivory Coast"
Venezuela,Santa Ana de Coro
United States,"Santa Ana, California"
El Salvador,"Santa Ana, El Salvador"
Brazil,Santa Bárbara d'Oeste
United States,"Santa Clara, California"
Cuba,"Santa Clara, Cuba"
United States,"Santa Clarita, California"
Spain,Santa Coloma de Gramanet
Bolivia,Santa Cruz de la Sierra
Spain,Santa Cruz de Tenerife
Brazil,Santa Cruz do Capibaribe
Brazil,Santa Cruz do Sul
Philippines,"Santa Cruz, Laguna"
Colombia,Santa Fe de Bogotá
Argentina,"Santa Fe, Argentina"
Venezuela,"Santa Lucía, Miranda"
Brazil,"Santa Luzia, Minas Gerais"
Philippines,"Santa Maria, Bulacan"
Brazil,"Santa Maria, Federal District"
Colombia,Santa Marta
Brazil,"Santa Rita, Paraíba"
United States,"Santa Rosa, California"
Philippines,"Santa Rosa, Laguna"
El Salvador,"Santa Tecla, El Salvador"
Brazil,Santana de Parnaíba
Brazil,"Santana, Amapá"
Spain,"Santander, Cantabria"
Brazil,"Santarém, Brazil"
Cuba,Santiago de Cuba
Dominican Republic,Santiago de los Caballeros
Argentina,Santiago del Estero
Chile,"Santiago, Chile"
Philippines,"Santiago, Isabela"
India,Santipur
Brazil,Santo André
Brazil,Santo Antônio de Jesus
Ecuador,Santo Domingo de los Colorados
Dominican Republic,Santo Domingo Este
Dominican Republic,Santo Domingo Norte
Dominican Republic,Santo Domingo Oeste
Dominican Republic,Santo Domingo
Philippines,"Santo Tomas, Batangas"
Brazil,Santos (São Paulo)
China,Sanya
Brazil,São Bernardo do Campo
Brazil,São Caetano do Sul
Brazil,São Carlos
Brazil,"São Gonçalo, Rio de Janeiro"
Brazil,São João de Meriti
Brazil,São José de Ribamar
Brazil,São José do Rio Preto
Brazil,São José dos Campos
Brazil,São José dos Pinhais
Brazil,"São José, Santa Catarina"
Brazil,São Leopoldo
Brazil,São Lourenço da Mata
Brazil,"São Luís, Maranhão"
Brazil,"São Mateus, Espírito Santo"
Brazil,São Paulo
Brazil,"São Vicente, São Paulo"
Japan,Sapporo
Brazil,Sapucaia do Sul
Iran,Saqez
Bosnia and Herzegovina,Sarajevo
Russia,Saransk
Russia,Sarapul
Russia,Saratov
Pakistan,Sargodha
Iran,"Sari, Iran"
Philippines,"Sariaya, Quezon"
North Korea,Sariwon
India,Sasaram
Japan,"Sasebo, Nagasaki"
Canada,Saskatoon
Italy,Sassari
India,Satara (city)
India,Satna
Romania,Satu Mare
United States,"Savannah, Georgia"
Iran,Saveh
India,Sawai Madhopur
Japan,Sayama
Belgium,Schaerbeek
United States,"Scottsdale, Arizona"
Cambodia,Seam Reab
United States,Seattle
India,Secunderabad
Oman,Seeb
Mali,Ségou
India,Sehore
South Korea,Sejong City
Ghana,Sekondi-Takoradi
Malaysia,Seleyang Baru
Indonesia,Semarang
Kazakhstan,Semey
Iran,"Semnan, Iran"
Japan,Sendai
South Korea,Seongnam
India,"Seoni, Madhya Pradesh"
South Korea,Seoul
India,Serampore
Malaysia,Seremban
Russia,Sergiyev Posad
Russia,Serpukhov
Brazil,"Serra, Espírito Santo"
Brazil,Sertaozinho
Brazil,Sete Lagoas
Algeria,Setif
Japan,"Seto, Aichi"
Morocco,Settat
,Sevastopol
Russia,Severodvinsk
Russia,Seversk
Spain,Seville
Tunisia,Sfax
Malaysia,Shah Alam
China,"Shahe, Hebei"
Iran,Shahin Shahr
India,Shahjahanpur
Iran,Shahrekord
Iran,Shahreza
Iran,"Shahriar, Tehran Province"
Uzbekistan,Shahrisabz
Iran,"Shahrud, Iran"
Russia,Shakhty
India,Shamli
China,Shanghai
China,Shangluo
China,Shangqiu
China,Shangrao
China,Shangzhi
China,Shantou
China,Shanwei
China,Shaoguan
China,Shaowu
China,Shaoxing
China,Shaoyang
United Arab Emirates,Sharjah (city)
Russia,Shchyolkovo
Afghanistan,Sheberghan
United Kingdom,Sheffield
Pakistan,Sheikhu Pura
China,Shenyang
China,Shenzhen
India,Sheopur
Canada,Sherbrooke
Netherlands,'s-Hertogenbosch
Egypt,Shibin el-Kom
China,Shihezi
South Korea,Shihung
China,Shijiazhuang
Pakistan,Shikarpur (Pakistan)
India,Shikohabad
India,Shillong
Japan,"Shimizu-ku, Shizuoka"
India,Shimla
India,Shimoga
Japan,Shimonoseki
Tanzania,Shinyanga
Iran,Shiraz
China,Shishi City
China,Shishou
India,Shivpuri
China,Shiyan
China,Shizuishan
Japan,Shizuoka City
Albania,Shkodër
United States,"Shreveport, Louisiana"
China,Shuangcheng
China,Shuangyashan
Egypt,Shubra al Khaymah
Japan,Shūnan
China,Shuozhou
Kazakhstan,Shymkent
Pakistan,Sialkote
Lithuania,Šiauliai
Romania,Sibiu
Malaysia,Sibu
Algeria,Sidi-bel-Abbès
Germany,Siegen
Ukraine,Sieverodonetsk
Turkey,Siirt
India,Sikar
Mali,Sikasso
Philippines,"Silang, Cavite"
Philippines,Silay City
India,Silchar
India,Siliguri
,Simferopol
United States,"Simi Valley, California"
Brazil,Simões Filho
Colombia,Sincelejo
Singapore,Singapore
Indonesia,Singkawang
India,Singrauli
Brazil,"Sinop, Mato Grosso"
North Korea,Sinpo
North Korea,Sinuiji
United States,"Sioux Falls, South Dakota"
China,Siping (city)
Iran,Sirjan
India,"Sirsa, Haryana"
India,Sitapur
Myanmar,Sittwe
Turkey,Sivas
Turkey,Siverek
India,"Siwan, Bihar"
Egypt,6th of October (city)
Algeria,Skikda
North Macedonia,Skopje
United Kingdom,Slough
Ukraine,Sloviansk
Poland,Słupsk
Serbia,Smederevo
Russia,Smolensk
Colombia,Soacha
Brazil,"Sobral, Ceará"
Russia,Sochi
Bulgaria,Sofia
Colombia,Sogamoso
Egypt,Sohag
Oman,Sohar
Japan,Soka
Togo,Sokodé
India,Solapur
Colombia,"Soledad, Atlántico"
United Kingdom,Solihull
Germany,Solingen
China,Songyuan
India,Sonipat
Brazil,Sorocaba
Philippines,Sorsogon City
Poland,Sosnowiec
Ivory Coast,Soubré
Algeria,Souk Ahras
United States,"South Bend, Indiana"
India,South Dum Dum
Indonesia,South Tangerang
United Kingdom,Southampton
United Kingdom,Southend on Sea
South Africa,Soweto
El Salvador,Soyapango
Jamaica,Spanish Town
Croatia,Split (city)
United States,"Spokane, Washington"
United States,"Springfield, Illinois"
United States,"Springfield, Massachusetts"
United States,"Springfield, Missouri"
South Africa,"Springs, Gauteng"
Sri Lanka,Sri Jayawardenepura Kotte
India,Sri Muktsar Sahib
India,Srikakulam
India,Srinagar
Uganda,Ssabagabo
Canada,"St. Catharines, Ontario"
United Kingdom,"St. Helens, Merseyside"
Canada,"St. John's, Newfoundland and Labrador"
United States,"St. Louis, Missouri"
United States,"St. Paul, Minnesota"
United States,"St. Petersburg, Florida"
Ukraine,"Stakhanov, Ukraine"
United States,"Stamford, Connecticut"
Bulgaria,Stara Zagora
Russia,Stary Oskol
Norway,Stavanger
Russia,Stavropol
United States,"Sterling Heights, Michigan"
Russia,Sterlitamak
Sweden,Stockholm
United Kingdom,Stockport
United States,"Stockton, California"
United Kingdom,Stoke-on-Trent
France,Strasbourg
Germany,Stuttgart
Malaysia,Subang Jaya
Serbia,Subotica
Romania,Suceava
Bolivia,Sucre
Egypt,Suez
Egypt,Suhaj
China,Suihua
China,Suining
Japan,Suita
China,Suizhou
India,Sujangarh
Indonesia,Sukabumi
Pakistan,Sukkur
Iraq,Sulamaniya
Peru,Sullana
India,Sultan Pur Majra
Turkey,Sultanbeyli
India,"Sultanpur, Uttar Pradesh"
Brazil,Sumaré
Azerbaijan,Sumgait
Ukraine,Sumy
South Korea,"Suncheon, South Korea"
North Korea,Sunchon
United Kingdom,"Sunderland, Tyne and Wear"
Malaysia,Sungai Petani
United States,"Sunnyvale, California"
Australia,"Sunshine Coast, Queensland"
Ghana,Sunyani
China,Suqian
Oman,"Sur, Oman"
Indonesia,Surabaya
Indonesia,Surakarta
Thailand,Surat Thani
India,Surat
India,Surendranagar Dudhrej
Russia,Surgut
Iran,Qaem Shahr
Iraq,Qalat Sukkar
Egypt,Qalyub
Syria,Qamishli
Iran,Qarchak
Philippines,Surigao City
United States,"Surprise, Arizona"
Canada,"Surrey, British Columbia"
India,Suryapet
Oman,Suwayq
South Korea,Suwon
Brazil,Suzano
China,"Suzhou, Anhui"
China,"Suzhou, Jiangsu"
Japan,"Suzuka, Mie"
United Kingdom,Swansea
United Kingdom,Swindon
Australia,Sydney
Russia,Syktyvkar
Uzbekistan,Qarshi
Saudi Arabia,Qatif
Iran,Qazvin
Egypt,Qena
China,"Qianjiang, Hubei"
China,Qidong City
China,Qingdao
China,Qingtongxia
China,Qingyang
China,Qingyuan
China,Qingzhou
China,Qinhuangdao
China,Qinyang
China,Qinzhou
China,Qiqihar
Italy,"Syracuse, Italy"
United States,"Syracuse, New York"
Russia,Syzran
Poland,Szczecin
Hungary,Szeged
China,Qitaihe
Iran,"Qods, Iran"
Iran,Qom
China,Quanzhou
Iran,Quchan
Canada,Quebec City
Brazil,Queimados
Mozambique,Quelimane
Mexico,Querétaro
Pakistan,Quetta
Guatemala,Quetzaltenango
Ecuador,"Quevedo, Ecuador"
Philippines,Quezon City
Philippines,"Quezon, Bukidnon"
China,Qufu
Vietnam,Qui Nhơn
Colombia,Quibdó
Argentina,Quilmes
Chile,Quilpué
Ecuador,Quito
China,Qujing
Saudi Arabia,"Qurayyat, Saudi Arabia"
China,Quzhou
South Africa,Paarl
Bangladesh,Pabna
Mexico,Pachuca
Indonesia,"Padang, Indonesia"
Germany,Paderborn
Italy,Padua
Philippines,Pagadian City
Peru,Paita
Indonesia,Pakalongan
Indonesia,Pakan Baru
Iran,Pakdasht
Pakistan,Pakpattan
India,Palakkad
Indonesia,Palangkaraya
India,Palanpur
Indonesia,Palembang
Italy,Palermo
Brazil,Palhoça
India,"Pali, Rajasthan"
India,Pallavaram
United States,"Palm Bay, Florida"
Spain,Palma de Mallorca
Brazil,"Palmas, Tocantins"
United States,"Palmdale, California"
Colombia,"Palmira, Valle del Cauca"
Indonesia,Palopo
Indonesia,Palu
India,Palwal
Spain,Pamplona
Philippines,Panabo City
Panama,Panama City
India,Panchkula
Indonesia,Pangkal Pinang
India,Panihati
India,Panipat
China,Panjin
India,Panvel
China,Panzhihua
United States,"Paradise, Nevada"
Benin,Parakou
Suriname,Paramaribo
Argentina,"Paraná, Entre Ríos"
Brazil,Paranaguá
Philippines,Parañaque
Brazil,Parauapebas
India,Parbhani
Indonesia,Parepare
Brazil,Parintins
France,Paris
Spain,Parla
Italy,Parma
Brazil,Parnaíba
Brazil,Parnamirim
Mexico,"Parral, Chihuahua"
United States,"Pasadena, California"
United States,"Pasadena, Texas"
Philippines,Pasay
Philippines,Pasig
Brazil,Passo Fundo
Brazil,"Passos, Minas Gerais"
Colombia,"Pasto, Colombia"
Indonesia,Pasuruan
India,"Patan, Gujarat"
United States,"Paterson, New Jersey"
India,Pathankot
Myanmar,Pathein
India,Patiala
India,Patna
Brazil,Patos de Minas
Brazil,Patos
Greece,Patras
Brazil,Paulínia
Brazil,Paulista
Brazil,Paulo Afonso
Kazakhstan,Pavlodar
Ukraine,Pavlohrad
Hungary,Pécs
Brazil,Pelotas
Indonesia,Pematang Siantar
Mozambique,"Pemba, Mozambique"
United States,"Pembroke Pines, Florida"
Russia,Penza
United States,"Peoria, Arizona"
United States,"Peoria, Illinois"
Colombia,"Pereira, Risaralda"
Costa Rica,Pérez Zeledón (canton)
Greece,Peristeri
Russia,Perm
France,Perpignan
Australia,"Perth, Western Australia"
Italy,Perugia
Russia,Pervouralsk
Italy,Pescara
Pakistan,Peshawar
Israel,Petah Tikva
Malaysia,Petaling Jaya
Venezuela,Petare
United Kingdom,Peterborough
Brazil,Petrolina
Kazakhstan,Petropavl
Russia,Petropavlovsk-Kamchatsky
Brazil,Petrópolis
Russia,Petrozavodsk
Germany,Pforzheim
United States,"Philadelphia, Pennsylvania"
Cambodia,Phnom Penh
United States,"Phoenix, Arizona"
North Korea,Phyongsong
Italy,Piacenza
Colombia,Piedecuesta
Mexico,"Piedras Negras, Coahuila"
South Africa,Pietermaritzburg
Senegal,Pikine
Philippines,"Pikit, Cotabato"
India,Pilibhit
India,Pimpri-Chinchwad
Cuba,Pinar del Río
Brazil,Pindamonhangaba
China,Pingdingshan
China,Pingdu
China,Pingliang
China,Pingxiang
Brazil,Pinhais
Belarus,Pinsk
Pakistan,Pir Mahal
Brazil,Piracicaba
Greece,Piraeus
Peru,"Pisco, Peru"
Colombia,Pitalito
Romania,Piteşti
India,Pithampur
United States,"Pittsburgh, Pennsylvania"
Peru,Piura
United States,"Plano, Texas"
Philippines,"Plaridel, Bulacan"
Mexico,Playa del Carmen
Bulgaria,Pleven
Poland,Płock
Romania,Ploieşti
Bulgaria,Plovdiv
United Kingdom,Plymouth
Czech Republic,Plzeň
Brazil,Poá
Costa Rica,Pococí (canton)
Brazil,Poços de Caldas
Montenegro,Podgorica
Russia,Podolsk
South Korea,Pohang
Republic of the Congo,Pointe-Noire
Nepal,Pokhara
Philippines,"Polomolok, South Cotabato"
Ukraine,Poltava
United States,"Pomona, California"
United States,"Ponce, Puerto Rico"
India,Pondicherry (city)
Brazil,Ponta Grossa
Indonesia,"Pontianak, Indonesia"
United Kingdom,Poole
Colombia,Popayán
Philippines,"Porac, Pampanga"
India,Porbandar
India,Port Blair
Morocco,Rabat
South Africa,Port Elizabeth
Nigeria,Port Harcourt
Mauritius,Port Louis
Papua New Guinea,Port Moresby
Egypt,Port Said
United States,"Port St. Lucie, Florida"
Sudan,Port Sudan
Haiti,Port-au-Prince
Gabon,Port-Gentil
United States,"Portland, Oregon"
Jamaica,"Portmore, Jamaica"
Brazil,Porto Alegre
Benin,Porto Novo
Brazil,Porto Seguro
Vietnam,Rạch Giá
Poland,Radom
India,Raebareli
State of Palestine,Rafah
Iran,Rafsanjan
Pakistan,Rahim Yar Khan
India,Raichur
India,Raigad district
India,Raiganj
India,Raigarh
India,Raipur
India,Rajahmundry
India,Rajapalayam
India,Rajarhat
Brazil,Porto Velho
Portugal,Porto
Ecuador,Portoviejo
United Kingdom,Portsmouth
Argentina,"Posadas, Misiones"
Bolivia,Potosí
Germany,Potsdam
Brazil,Pouso Alegre
Mexico,Poza Rica de Hidalgo
Poland,Poznań
Venezuela,Pozuelos (page does not exist)
Czech Republic,Prague
Brazil,Praia Grande
Cape Verde,Praia
India,Rajkot
India,Rajnandgaon
India,Rajpur Sonarpur
Bangladesh,Rajshahi
United States,"Raleigh, North Carolina"
Iraq,Ramadi
India,Ramagundam
Israel,Ramat Gan
India,"Rampur, Uttar Pradesh"
India,Ranaghat
Chile,Rancagua
India,Ranchi
United States,"Rancho Cucamonga, California"
India,Ranebennuru
Italy,Prato
Brazil,"Presidente Prudente, São Paulo"
United Kingdom,"City of Preston, Lancashire"
South Africa,Pretoria
Kosovo,Pristina
Indonesia,Probolinggo
India,Proddatur
Russia,Prokopyevsk
United States,"Providence, Rhode Island"
United States,"Provo, Utah"
Russia,Pskov
Peru,Pucallpa
India,Puducherry
Bangladesh,Rangpur City
India,Raniganj
Syria,Raqqa
United Arab Emirates,Ras al-Khaimah (city)
Iran,Rasht
North Korea,Rason
India,Ratlam
Italy,Ravenna
Pakistan,Rawalpindi
Argentina,"Rawson Department, Chubut"
United Kingdom,"Reading, Berkshire"
Brazil,Recife
Germany,Recklinghausen
Germany,Regensburg
India,Pudukkottai
Mexico,Puebla de Zaragoza
United States,"Pueblo, Colorado"
Chile,"Puente Alto, Chile"
Venezuela,Puerto Cabello
Honduras,Puerto Cortés
Chile,"Puerto Montt, Chile"
Dominican Republic,"Puerto Plata, Dominican Republic"
Philippines,Puerto Princesa City
Mexico,Puerto Vallarta
India,Pune
Peru,Puno
Chile,"Punta Arenas, Chile"
Venezuela,Punto Fijo
Italy,Reggio Calabria
Italy,Reggio Emilia
Canada,"Regina, Saskatchewan"
Israel,Rehovot
France,Reims
Algeria,Relizane
Germany,Remscheid
France,Rennes
United States,"Reno, Nevada"
China,Renqiu
Brazil,"Resende, Rio de Janeiro"
Argentina,"Resistencia, Chaco"
Spain,Reus
Germany,Reutlingen
India,"Rewa, Madhya Pradesh"
United States,"Oakland, California"
India,Puri
India,Purnia
India,Purulia
Russia,"Pushkino, Pushkinsky District, Moscow Oblast"
China,Putian
China,Puyang
Russia,Pyatigorsk
North Korea,Pyongyang
India,Rewari
Iceland,Reykjavík
Mexico,Reynosa
Brazil,Ribeirão das Neves
Brazil,Ribeirão Pires
Brazil,Ribeirão Preto
Canada,"Richmond Hill, Ontario"
Canada,"Richmond, British Columbia"
United States,"Richmond, California"
United States,"Richmond, Virginia"
Latvia,Riga
Croatia,Rijeka
Italy,Rimini
Canada,"Oakville, Ontario"
Mexico,"Oaxaca, Oaxaca"
Germany,Oberhausen
Japan,"Obihiro, Hokkaido"
Russia,Obninsk
Ghana,Obuasi
United States,"Oceanside, California"
Venezuela,Ocumare del Tuy
Japan,Odawara
Denmark,Odense
Ukraine,Odesa
Russia,Odintsovo
Germany,Offenbach am Main
Japan,"Ōgaki, Gifu"
Nigeria,Ogbomosho
Brazil,"Rio Branco, Acre"
Brazil,"Rio Claro, São Paulo"
Argentina,"Río Cuarto, Córdoba"
Brazil,Rio das Ostras
Brazil,Rio de Janeiro
Brazil,"Rio Grande, Rio Grande do Sul"
Brazil,"Rio Verde, Goiás"
Ecuador,Riobamba
Colombia,Riohacha
Israel,Rishon LeZion
India,Rishra
United States,"Riverside, California"
Japan,"Ōita, Ōita"
Pakistan,"Okara, Pakistan"
Japan,Okayama
Japan,"Okazaki, Aichi"
Nigeria,Okene
Japan,"Okinawa, Okinawa"
United States,Oklahoma City
Russia,"Oktyabrsky, Republic of Bashkortostan"
Honduras,Olanchito
United States,"Olathe, Kansas"
Germany,Oldenburg
Brazil,Olinda
Uzbekistan,Olmaliq
Czech Republic,Olomouc
Ukraine,Rivne
Saudi Arabia,Riyadh
Turkey,Rize
China,Rizhao
India,Robertsonpet
United Kingdom,Rochdale
United States,"Rochester, Minnesota"
United States,"Rochester, New York"
United States,"Rockford, Illinois"
Philippines,"Rodriguez, Rizal"
India,Rohtak
Italy,Rome
Brazil,Rondonópolis
China,"Rongcheng, Shandong"
Philippines,Olongapo
Poland,Olsztyn
United States,"Omaha, Nebraska"
Sudan,Omdurman
Japan,"Ōme, Tokyo"
Russia,Omsk
Japan,"Ōmuta, Fukuoka"
India,Ongole
Nigeria,Onitsha
Japan,"Onomichi, Hiroshima"
United States,"Ontario, California"
Poland,Opole
Romania,Oradea
India,Orai
Kazakhstan,"Oral, Kazakhstan"
South Africa,Roodepoort
India,Roorkee
Philippines,"Rosario, Batangas"
Philippines,"Rosario, Cavite"
Argentina,"Rosario, Santa Fe"
United States,"Roseville, California"
Germany,Rostock
Russia,Rostov-on-Don
United Kingdom,Rotherham
Netherlands,Rotterdam
France,Rouen
United States,"Round Rock, Texas"
India,Rourkela
Philippines,"Roxas, Capiz"
Algeria,Oran
United States,"Orange, California"
China,Ordos City
Turkey,Ordu
Sweden,Örebro
Russia,Orekhovo-Zuyevo
Russia,Orenburg
Mexico,Orizaba
United States,"Orlando, Florida"
France,Orléans
Philippines,Ormoc
Belarus,Orsha
Russia,Orsk
Bolivia,"Oruro, Bolivia"
Russia,Rubtsovsk
Poland,Ruda Śląska
Kazakhstan,"Rudny, Kazakhstan"
India,"Rudrapur, Uttarakhand"
Senegal,Rufisque
China,Rui'an
China,Ruichang
Kenya,Ruiru
Bulgaria,"Ruse, Bulgaria"
Jordan,Russeifa
Oman,Rustaq
Georgia (country),Rustavi
China,Ruzhou
Russia,Ryazan
Russia,Oryol
Japan,Osaka
Japan,"Ōsaki, Miyagi"
Brazil,Osasco
Kyrgyzstan,Osh
Canada,Oshawa
Nigeria,Oshogbo
Japan,"Ōshū, Iwate"
Croatia,Osijek
Kazakhstan,Oskemen
Norway,Oslo
India,Osmanabad
Turkey,Osmaniye
Germany,Osnabrück
Russia,Rybinsk
Poland,Rybnik
Poland,Rzeszów
Chile,"Osorno, Chile"
Czech Republic,Ostrava
Japan,"Ōta, Gunma"
Japan,"Otaru, Hokkaido"
Japan,Ōtsu
Canada,Ottawa
Burkina Faso,Ouagadougou
Algeria,Ouargla
Morocco,Oujda
Finland,Oulu
Spain,Ourense
Brazil,Ourinhos
United States,"Overland Park, Kansas"
Spain,Oviedo
United Kingdom,Oxford
United States,"Oxnard, California"
Japan,"Oyama, Tochigi"
Nigeria,"Oyo, Nigeria"
Philippines,Ozamiz
India,Ozhukarai
India,Nabadwip
Russia,Naberezhnye Chelny
State of Palestine,Nablus
Mozambique,Nacala
India,Nadiad
Morocco,Nador
Philippines,"Naga, Camarines Sur"
Japan,"Nagahama, Shiga"
Japan,"Nagano, Nagano"
Japan,"Nagaoka, Niigata"
India,Nagaon
India,Nagapattinam
Japan,"Nagareyama, Chiba"
Japan,Nagasaki
India,Nagaur
India,Nagda
India,Nagercoil
Japan,Nagoya
India,Nagpur
Venezuela,Naguanagua Municipality
Japan,Naha
India,Naihati
Kenya,Nairobi
Kenya,Naivasha
Iraq,Najaf
Iran,Najafabad
Saudi Arabia,Najran
Russia,Nakhodka
Thailand,Nakhon Pathom
Thailand,Nakhon Ratchasima
Thailand,Nakhon Sawan
Thailand,Nakhon Si Thammarat
Kenya,Nakuru
Russia,Nalchik
India,Nalgonda
Vietnam,Nam Định
Uzbekistan,Namangan
North Korea,Nampo
Mozambique,Nampula
Belgium,"Namur, Belgium"
China,Nanchang
China,Nanchong
France,"Nancy, France"
India,Nanded
India,Nanded-Waghala
India,Nandurbar
India,Nandyal
India,Nangloi Jat
China,Nanjing
China,Nanning
China,Nanping
Uganda,Nansana
France,Nantes
China,Nantong
China,"Nanyang, Henan"
United States,"Naperville, Illinois"
New Zealand,Napier-Hastings Urban Area
Italy,Naples
Japan,"Nara, Nara"
India,Narasaraopet
Japan,Narashino
Bangladesh,Narayanganj
Japan,"Narita, Chiba"
India,Nashik
United States,"Nashville, Tennessee"
Iran,Nasimshahr
Iraq,Nasiriyah
The Bahamas,"Nassau, Bahamas"
Philippines,"Nasugbu, Batangas"
Japan,Nasushiobara
Brazil,"Natal, Rio Grande do Norte"
Mexico,Naucalpan
Belarus,Navapolatsk
India,Navi Mumbai
Uzbekistan,Navoiy
Mexico,Navojoa
Philippines,Navotas
India,Navsari
Bangladesh,Nawabganj (town)
Pakistan,Nawabshah
Myanmar,Naypyidaw
Iran,Nazarabad
Turkey,Nazilli
Chad,N'Djamena
Zambia,Ndola
India,Neemuch
Russia,Neftekamsk
Russia,Nefteyugansk
Sri Lanka,Negombo
China,Neijiang
Colombia,"Neiva, Huila"
India,Nellore
Israel,Netanya
Argentina,Neuquén
Germany,Neuss
Russia,Nevinnomyssk
India,New Delhi
United States,"New Haven, Connecticut"
United States,"New Orleans, Louisiana"
United States,New York City
United States,"Newark, New Jersey"
United Kingdom,Newcastle upon Tyne
Australia,"Newcastle, New South Wales"
United States,"Newport News, Virginia"
United Kingdom,"Newport, Wales"
Japan,"Neyagawa, Osaka"
India,Neyveli
Kenya,"Ngong, Kenya"
Vietnam,Nha Trang
Niger,Niamey
France,Nice
Mexico,Ciudad Nicolás Romero
Cyprus,Nicosia
Turkey,Niğde
Japan,"Niigata, Niigata"
Japan,"Niihama, Ehime"
Japan,"Niiza, Saitama"
Netherlands,Nijmegen
Ukraine,"Nikopol, Dnipropetrovsk Oblast"
Brazil,Nilópolis
France,Nîmes
China,Ningbo
China,Ningde
Serbia,Niš
Iran,Nishapur
Japan,Nishinomiya
Japan,"Nishio, Aichi"
Japan,"Nishitōkyō, Tokyo"
Brazil,Niterói
India,"Nizamabad, Telangana"
Russia,Nizhnekamsk
Russia,Nizhnevartovsk
Russia,Nizhny Novgorod
Russia,Nizhny Tagil
Oman,Nizwa
Japan,"Nobeoka, Miyazaki"
Japan,"Noda, Chiba"
Mexico,"Nogales, Sonora"
Russia,Noginsk
India,Noida
Thailand,Nonthaburi (city)
United States,"Norfolk, Virginia"
Russia,Norilsk
United States,"Norman, Oklahoma"
Sweden,Norrköping
India,North Barrackpur
India,North Dumdum
United States,"North Las Vegas, Nevada"
United Kingdom,Northampton
United States,"Norwalk, California"
United Kingdom,Norwich
Philippines,"Norzagaray, Bulacan"
Brazil,Nossa Senhora do Socorro
United Kingdom,Nottingham
Mauritania,Nouakchott
Brazil,Nova Friburgo
Brazil,Nova Iguaçu
Italy,Novara
Serbia,Novi Sad
Brazil,Novo Gama
Brazil,Novo Hamburgo
Russia,Novocheboksarsk
Russia,Novocherkassk
Russia,Novokuybyshevsk
Russia,Novokuznetsk
Russia,"Novomoskovsk, Russia"
Russia,Novorossiysk
Russia,Novoshakhtinsk
Russia,Novosibirsk
Russia,Novy Urengoy
Russia,Noyabrsk
Mexico,Nuevo Laredo
Uzbekistan,Nukus
Japan,"Numazu, Shizuoka"
Germany,Nuremberg
Kazakhstan,Nur-Sultan
Sudan,"Nyala, Sudan"
Kenya,Nyeri
Hungary,Nyíregyháza
Guinea,Nzérékoré
China,Ma'anshan
Netherlands,Maastricht
Philippines,Mabalacat
Brazil,Macaé
Brazil,Macapá
Macau,Macau
Brazil,Maceió
Kenya,Machakos
Ecuador,Machala
China,Macheng
Japan,"Machida, Tokyo"
India,Machilipatnam
India,Madanapalle
India,Madhavaram
India,Madhyamgram
Ghana,"Madina, Ghana"
United States,"Madison, Wisconsin"
Indonesia,Madiun
Spain,Madrid
India,Madurai
Japan,"Maebashi, Gunma"
Colombia,Magangué
Germany,Magdeburg
Brazil,Magé
Indonesia,Magelang
Russia,Magnitogorsk
Myanmar,"Magway, Myanmar"
Iran,Mahabad
Madagascar,Mahajanga
India,Mahbubnagar
India,Maheshtala
Iraq,"Mahmoudiyah, Iraq"
Colombia,Maicao
United Kingdom,Maidstone
Nigeria,Maiduguri
India,Mainpuri
Germany,Mainz
Indonesia,Makassar
Philippines,Makati
Sierra Leone,Makeni
Russia,Makhachkala
Ukraine,Makiivka
Equatorial Guinea,Malabo
Philippines,Malabon
Spain,Málaga
South Sudan,Malakal
Indonesia,Malang
India,Malappuram
Iran,Malard
Philippines,"Malasiqui, Pangasinan"
Turkey,Malatya
Philippines,Malaybalay
Iran,Malayer
Maldives,Malé
India,Malegaon
India,Malerkotla
Kenya,Malindi
Philippines,"Malita, Davao del Sur"
Sweden,Malmö
Philippines,Malolos City
Indonesia,Mamuju (city)
Ivory Coast,"Man, Ivory Coast"
Indonesia,Manado
Nicaragua,Managua
Bahrain,Manama
Brazil,Manaus
Turkey,Manavgat
United States,"Manchester, New Hampshire"
United Kingdom,Manchester
Myanmar,Mandalay
Philippines,Mandaluyong
Philippines,Mandaue
India,"Mandoli, Delhi"
India,Mandsaur
India,Mandya
India,Mangalore
South Africa,Mangaung Metropolitan Municipality
India,Mango (Jamshedpur)
Philippines,Manila
Turkey,Manisa
Colombia,Manizales
Germany,Mannheim
Philippines,"Manolo Fortich, Bukidnon"
Egypt,"Mansoura, Egypt"
Ecuador,"Manta, Ecuador"
Mexico,"Manzanillo, Colima"
China,Manzhouli
China,Maoming
Mozambique,Maputo
Argentina,Mar del Plata
Brazil,"Marabá, Brazil"
Venezuela,Maracaibo
Brazil,Maracanau
Venezuela,Maracay
Niger,"Maradi, Niger"
Philippines,"Maramag, Bukidnon"
Iran,Marand
Brazil,Maranguape
Iran,Maraqeh
Philippines,Marawi
Spain,Marbella
Pakistan,Mardan
Uzbekistan,Margilan
Brazil,"Maricá, Rio de Janeiro"
Philippines,Marikina
Philippines,"Marilao, Bulacan"
Brazil,Marília
Brazil,Maringá
Brazil,Marituba
Ukraine,Mariupol
Iran,Marivan
Philippines,"Mariveles, Bataan"
Canada,"Markham, Ontario"
Morocco,Marrakech
France,Marseille
Japan,"Marugame, Kagawa"
Iran,Marvdasht
Uzbekistan,"Mary, Uzbekistan (page does not exist)"
Uganda,Masaka
Nicaragua,Masaya
Algeria,"Mascara, Algeria"
Lesotho,Maseru
Iran,Mashhad
Iran,Masjed Soleyman
Democratic Republic of the Congo,Matadi
Mexico,"Matamoros, Tamaulipas"
Cuba,Matanzas
Indonesia,Mataram (city)
Spain,Mataró
India,"Mathura, Uttar Pradesh"
Philippines,"Mati, Davao Oriental"
Mozambique,Matola
Japan,Matsubara
Japan,Matsudo
Japan,Matsue
Japan,"Matsumoto, Nagano"
Japan,Matsusaka
Japan,Matsuyama
Venezuela,Maturín
India,Mau
Brazil,Mauá
Myanmar,Mawlamyine
Mozambique,"Maxixe, Mozambique"
Russia,Maykop
Afghanistan,Mazari Sharif
Mexico,Mazatlán
Belarus,Mazyr
Democratic Republic of the Congo,Mbandaka
Uganda,Mbarara
Tanzania,Mbeya
Senegal,Mbour
Democratic Republic of the Congo,Mbuji-Mayi
United States,"McAllen, Texas"
United States,"McKinney, Texas"
Saudi Arabia,Mecca
Indonesia,Medan
Algeria,"Medea, Algeria"
Colombia,Medellín
Saudi Arabia,Medina
India,Medinipur
India,Meerut
India,Mehsana
China,Meihekou
China,Meizhou
El Salvador,Mejicanos
Ethiopia,Mekele
Morocco,Meknes
Australia,Melbourne
Ukraine,Melitopol
United States,"Memphis, Tennessee"
Argentina,"Mendoza, Argentina"
Venezuela,"Mérida, Mérida"
Mexico,"Mérida, Yucatán"
Turkey,Mersin
United States,"Mesa, Arizona"
Brazil,"Mesquita, Rio de Janeiro"
United States,"Mesquite, Texas"
Algeria,Messad
Italy,Messina
Mexico,"Metepec, State of Mexico"
France,Metz
Mexico,Mexicali
Mexico,Mexico City
Philippines,"Mexico, Pampanga"
Philippines,Meycauayan
Russia,"Mezhdurechensk, Kemerovo Oblast"
United States,"Miami Gardens, Florida"
United States,Miami
Iran,Miandoab
China,Mianyang
Russia,Miass
United Kingdom,Middlesbrough
United States,"Midland, Texas"
Philippines,"Midsayap, Cotabato"
Ecuador,"Milagro, Ecuador"
Italy,Milan
United Kingdom,Milton Keynes
China,Miluo City
United States,Milwaukee
Mexico,"Minatitlán, Veracruz"
Philippines,"Minglanilla, Cebu"
Pakistan,Mingora
United States,Minneapolis
Japan,Minoh
Belarus,Minsk
Egypt,"Minya, Egypt"
Iraq,Miqdadiyah
India,Mira-Bhayandar
United States,"Miramar, Florida"
Malaysia,"Miri, Malaysia"
Pakistan,Mirpur Khas
India,Miryalaguda
India,Mirzapur-cum-Vindhyachal
Japan,"Misato, Saitama (city)"
China,Mishan
Japan,"Mishima, Shizuoka"
Hungary,Miskolc
Libya,Misrata
Canada,Mississauga
Japan,"Mitaka, Tokyo"
Japan,"Mito, Ibaraki"
Guatemala,Mixco
Japan,Miyakonojo
Japan,"Miyazaki, Miyazaki"
United States,"Mobile, Alabama"
Dominican Republic,"Moca, Dominican Republic"
Italy,Modena
United States,"Modesto, California"
India,Modinagar
Germany,Moers
India,"Moga, Punjab"
Somalia,Mogadishu
Brazil,Mogi das Cruzes
Brazil,Mogi Guaçu
Belarus,Mogilev
South Korea,Mogpo
Iran,Mohammadshahr
Morocco,Mohammedia
Indonesia,Mojokerto
Kenya,Mombasa
Germany,Mönchengladbach
Mexico,Monclova
Canada,Moncton
Liberia,Monrovia
Jamaica,Montego Bay
Colombia,Montería
Mexico,Monterrey
Brazil,Montes Claros
Uruguay,Montevideo
United States,"Montgomery, Alabama"
France,Montpellier
Canada,Montreal
France,"Montreuil, Seine-Saint-Denis"
Myanmar,Monywa
Italy,Monza
Mali,Mopti
India,Moradabad
Sri Lanka,Moratuwa
Mexico,Morelia
India,Morena
United States,"Moreno Valley, California"
Japan,Moriguchi
Japan,Morioka
Tanzania,Morogoro
India,Morvi
Russia,Moscow
Brazil,Mossoró
Algeria,Mostaganem
Bosnia and Herzegovina,Mostar
Spain,Móstoles
Iraq,Mosul
India,Motihari
Algeria,M'Sila
China,Mudanjiang
Thailand,Mueang Samut Prakan District
Zambia,Mufulira
India,Mughalsarai
Thailand,Mukdahan
Uganda,Mukono Town
Germany,Mülheim an der Ruhr
France,Mulhouse
Pakistan,Multan
India,Mumbai
India,Munger
Germany,Munich
Germany,Münster
Philippines,Muntinlupa
Spain,Murcia
United States,"Murfreesboro, Tennessee"
Brazil,Muriaé
Pakistan,Muridke
Russia,Murmansk
Russia,Murom
United States,"Murrieta, California"
India,Murwara
Japan,"Musashino, Tokyo"
Oman,"Muscat, Oman"
Nigeria,"Mushin, Nigeria"
India,"Mustafabad, Delhi"
Zimbabwe,Mutare
Oman,Muttrah
Pakistan,Muzaffargharh
India,Muzaffarnagar
India,Muzaffarpur
Tanzania,Mwanza
Myanmar,Myitkyina
Ukraine,Mykolaiv
Bangladesh,Mymensingh
India,Mysore
Vietnam,Mytho
Russia,Mytishchi
Malawi,Mzuzu
Honduras,La Ceiba
Mexico,"La Paz, Baja California Sur"
Bolivia,"La Paz, Bolivia"
Argentina,La Plata
Argentina,"La Rioja, Argentina"
Dominican Republic,"La Romana, Dominican Republic"
Chile,"La Serena, Chile"
Costa Rica,La Unión (canton)
Dominican Republic,"La Vega, Dominican Republic"
Venezuela,"La Victoria, Aragua"
United States,"Lafayette, Louisiana"
Brazil,"Lagarto, Sergipe"
Brazil,Lages
Algeria,Laghouat
Mexico,Lagos de Moreno
Nigeria,Lagos
Pakistan,Lahore
Finland,Lahti
China,Laiwu
China,Laiyang
China,Laizhou
United States,"Lakewood, Colorado"
India,"Lakhimpur, Uttar Pradesh"
India,"Lalitpur, India"
Nepal,"Lalitpur, Nepal"
Paraguay,Lambaré
United States,"Lancaster, California"
China,Langfang
United States,Lansing
Argentina,Lanús
China,"Lanxi, Zhejiang"
China,Lanzhou
Philippines,Laoag City
China,Laohekou
Philippines,Lapu-Lapu City
Morocco,Larache
United States,"Laredo, Texas"
Greece,Larissa
Pakistan,Larkana
Cyprus,Larnaca
Spain,Las Palmas de Gran Canaria
Philippines,Las Piñas
Cuba,Las Tunas (city)
United States,Las Vegas
Syria,Latakia
Italy,"Latina, Lazio"
India,Latur
Brazil,Lauro de Freitas
Switzerland,Lausanne
Canada,"Laval, Quebec"
Brazil,Lavras
Mexico,"Lázaro Cárdenas, Michoacán"
France,Le Havre
France,Le Mans
United Kingdom,Leeds
Netherlands,Leeuwarden
Spain,Leganés
Philippines,"Legazpi, Albay"
Poland,Legnica
United Kingdom,Leicester
Netherlands,Leiden
Germany,Leipzig
China,Leiyang
China,Leling
China,Lengshuijiang
China,Lengshuitan
Russia,Leninsk-Kuznetsky (city)
Mexico,"León, Guanajuato"
Nicaragua,"León, Nicaragua"
Spain,"León, Spain"
China,Leshan
Serbia,Leskovac
Germany,Leverkusen
Canada,"Lévis, Quebec"
United States,"Lexington, Kentucky"
China,Lhasa
China,Lianyuan
China,Lianyungang
China,Liaocheng
China,Liaoyang
China,Liaoyuan
Czech Republic,Liberec
Gabon,Libreville
Mozambique,Lichinga
China,"Lichuan, Hubei"
Belgium,Liège
Philippines,Ligao City
Democratic Republic of the Congo,Likasi
China,Liling
France,Lille
Malawi,Lilongwe
Peru,Lima
Cyprus,Limassol
Brazil,Limeira
Republic of Ireland,Limerick
France,Limoges
United States,"Lincoln, Nebraska"
China,Linfen
China,Linhai
Brazil,Linhares
Sweden,Linköping
China,Linqing
China,Linxia City
China,Linyi
Austria,Linz
Philippines,Lipa City
Russia,Lipetsk
Portugal,Lisbon
China,Lishui
United States,Little Rock
China,Liupanshui
China,Liuzhou
United Kingdom,Liverpool
Zambia,"Livingstone, Zambia"
Italy,Livorno
Slovenia,Ljubljana
Spain,Lleida
Angola,Lobito
Poland,Łódź
Spain,Logroño
Myanmar,Loikaw
Ecuador,"Loja, Ecuador"
Argentina,Lomas de Zamora
Togo,Lomé
Canada,"London, Ontario"
United Kingdom,London
Brazil,Londrina
United States,"Long Beach, California"
China,"Longjing, Jilin"
China,Longkou
Canada,"Longueuil, Quebec"
Vietnam,Longxuyen
China,Longyan
India,"Loni, Ghaziabad"
Dominican Republic,Los Alcarrizos
United States,"Los Angeles, California"
Chile,"Los Ángeles, Chile"
Venezuela,Los Guayos
Mexico,Los Mochis
Venezuela,Los Teques
China,Loudi
United States,"Louisville, Kentucky"
United States,"Lowell, Massachusetts"
New Zealand,Lower Hutt
China,Lu'an
Angola,Luanda
Zambia,Luanshya
United States,Lubbock
Germany,Lübeck
Poland,Lublin
Democratic Republic of the Congo,Lubumbashi
Philippines,"Lucena, Quezon"
India,Lucknow
India,Ludhiana
Germany,Ludwigshafen am Rhein
Uganda,Lugazi
Ukraine,Luhansk
Turkey,Lüleburgaz
China,Luohe
China,Luoyang
Paraguay,Luque
Zambia,Lusaka
United Kingdom,Luton
Ukraine,Lutsk
Luxembourg,Luxembourg (city)
Egypt,Luxor
China,Luzhou
Brazil,Luziânia
Ukraine,Lviv
France,Lyon
Ukraine,Lysychansk
Russia,Lyubertsy
Philippines,Kabankalan
Afghanistan,Kabul
Zambia,Kabwe
India,Kadapa
Iraq,Kadhimiya
Japan,"Kadoma, Osaka"
Nigeria,Kaduna
North Korea,Kaechon
North Korea,Kaesong
Egypt,Kafr El Sheikh
Japan,Kagoshima
Turkey,Kahramanmaraş
China,Kaifeng
China,"Kaili, Guizhou"
Tunisia,Kairouan
India,Kaithal
China,"Kaiyuan, Liaoning"
China,"Kaiyuan, Yunnan"
Malaysia,Kajang
Japan,Kakamigahara
Japan,"Kakegawa, Shizuoka"
India,Kakinada
Japan,Kakogawa
Iraq,"Kalar, Iraq"
Russia,Kaliningrad
Poland,Kalisz
Greece,Kallithea
India,"Kalol, Gandhinagar"
Russia,Kaluga
India,"Kalyan, India"
India,Kalyan-Dombivli
India,"Kalyani, West Bengal"
Japan,Kamagaya
Japan,"Kamakura, Kanagawa"
Iran,Kamal Shahr
India,Kamarhati
Russia,Kamensk-Uralsky
Ukraine,Kamianets-Podilskyi
Ukraine,Kamianske
Pakistan,Kamoke
Uganda,Kampala
India,Kamptee
Russia,Kamyshin
Democratic Republic of the Congo,Kananga
Japan,"Kanazawa, Ishikawa"
India,Kanchipuram
India,Kanchrapara
Afghanistan,Kandahar
Sri Lanka,Kandy
North Korea,Kanggye
Kenya,Kangundo
India,Kanhangad
Guinea,Kankan
India,Kannur
Nigeria,Kano
Japan,"Kanoya, Kagoshima"
India,Kanpur
United States,"Kansas City, Kansas"
United States,"Kansas City, Missouri"
Taiwan,Kaohsiung
Senegal,Kaolack
Turkey,Karabük
Pakistan,Karachi
Turkey,Karadeniz Ereğli
Kazakhstan,Karaganda
India,Karaikkudi
Iran,Karaj
Turkey,Karaman
China,Karamay
Japan,"Karatsu, Saga"
India,Karawal Nagar
Iraq,Karbala
India,Karimnagar
Japan,Kariya
Germany,Karlsruhe
India,Karnal
Iraq,Karrada
India,Karur
Kenya,Karuri
Zambia,"Kasama, Zambia"
Uganda,Kasese
India,Kasganj
Iran,Kashan
China,Kashgar
Japan,Kashihara
India,"Kashipur, Uttarakhand"
Japan,Kashiwa
Russia,Kaspiysk
Sudan,Kassala
Germany,Kassel
Japan,"Kasuga, Fukuoka"
Japan,"Kasugai, Aichi"
Japan,Kasukabe
Pakistan,Kasur
South Africa,Kathlehong
Nepal,Kathmandu
India,Katihar
Poland,Katowice
Lithuania,Kaunas
Japan,Kawachinagano
Japan,"Kawagoe, Saitama"
Japan,"Kawaguchi, Saitama"
Japan,"Kawanishi, Hyōgo"
Japan,"Kawasaki, Kanagawa"
Mali,Kayes
Turkey,Kayseri
Russia,Kazan
Japan,"Kazo, Saitama"
Hungary,Kecskemét
Indonesia,Kediri (city)
Taiwan,Keelung
Canada,Kelowna
Russia,Kemerovo
South Africa,"Kempton Park, Gauteng"
Sierra Leone,Kenema
Morocco,Kenitra
Ukraine,Kerch
Iran,Kerman
Iran,Kermanshah
Russia,Khabarovsk
Pakistan,"Khairpur, Pakistan"
Saudi Arabia,Khamis Mushait
India,Khammam
Iraq,Khan Bani Saad
State of Palestine,Khan Yunis
India,Khandwa
Pakistan,Khanewal
India,"Khanna, Ludhiana"
Pakistan,Khanpur
India,Kharagpur
India,Khardaha
India,Khargone
Ukraine,Kharkiv
Sudan,Khartoum North
Sudan,Khartoum
Russia,Khasavyurt
South Africa,Khayelitsha
Morocco,Khemisset
Algeria,Khenchela
Morocco,Khenifra
Ukraine,Kherson
Russia,Khimki
Ukraine,"Khmelnytskyi, Ukraine"
Saudi Arabia,Khobar
Iran,Khomeini Shahr
Thailand,Khon Kaen
India,Khora
Iran,Khoramabad
Iran,Khoramshahr
Morocco,Khouribga
Iran,Khoy
Bangladesh,Khulna
India,Khurja
Philippines,Kidapawan City
Germany,Kiel
Poland,Kielce
Rwanda,Kigali
Kenya,"Kikuyu, Kenya"
Democratic Republic of the Congo,Kikwit
United States,"Killeen, Texas"
South Africa,"Kimberley, Northern Cape"
North Korea,Kimchaek
South Korea,Kimhae
Guinea,Kindia
United Kingdom,Kingston upon Hull
Jamaica,"Kingston, Jamaica"
Canada,"Kingston, Ontario"
Democratic Republic of the Congo,Kinshasa
Uganda,Kira Town
India,Kirari Suleman Nagar
Turkey,Kırıkkale
Japan,"Kirishima, Kagoshima"
Iraq,Kirkuk
Russia,"Kirov, Kirov Oblast"
Turkey,Kırşehir
Japan,"Kiryu, Gunma"
Democratic Republic of the Congo,Kisangani
Japan,Kisarazu
India,Kishanganj
India,Kishangarh
Japan,Kishiwada
Russia,Kislovodsk
Kenya,Kisumu
Japan,Kitakyushu
Kenya,Kitale
Japan,Kitami
Canada,"Kitchener, Ontario"
Kenya,Kitui
Zambia,Kitwe
Turkey,Kızıltepe
Lithuania,Klaipėda
Malaysia,"Klang, Malaysia"
Malaysia,Kluang
United States,Knoxville
Japan,Kobe
Germany,Koblenz
India,"Kochi, India"
Japan,"Kōchi, Kōchi"
Japan,Kodaira
Ghana,Koforidua
Japan,Kofu
Japan,"Koga, Ibaraki"
Japan,Koganei
Pakistan,Kohat
Uzbekistan,Kokand
Kazakhstan,Kokshetau
Japan,"Kokubunji, Tokyo"
India,Kolar
India,Kolhapur
India,Kolkata
India,Kollam
Russia,Kolomna
Democratic Republic of the Congo,Kolwezi
Japan,Komaki
Japan,"Komatsu, Ishikawa"
Russia,Komsomolsk-on-Amur
Japan,Kōnosu
Turkey,Konya
Russia,Kopeysk
India,"Korba, Chhattisgarh"
Ivory Coast,Korhogo
Japan,Koriyama
China,Korla
Russia,"Korolyov, Moscow Oblast"
Philippines,Koronadal City
Japan,Koshigaya
Slovakia,Košice
Kazakhstan,Kostanay
Sudan,"Kosti, Sudan"
Russia,Kostroma
Poland,Koszalin
Malaysia,Kota Bharu
Malaysia,Kota Kinabalu
India,"Kota, Rajasthan"
India,Kottayam
Mali,Koutiala
Russia,Kovrov
India,Kozhikode
Serbia,Kragujevac
Poland,Kraków
Serbia,Kraljevo
Ukraine,Kramatorsk
Russia,Krasnodar
Russia,"Krasnogorsk, Moscow Oblast"
Russia,Krasnoyarsk
Germany,Krefeld
Ukraine,Kremenchuk
India,"Krishnanagar, Nadia"
Ukraine,Kropyvnytskyi
Serbia,Kruševac
Ukraine,Kryvyi Rih
Malaysia,Kuala Lumpur
Malaysia,Kuala Terengganu
Malaysia,Kuantan
Malaysia,Kuching
Iraq,Kufa
Japan,"Kuki, Saitama"
Malaysia,Kulai
India,Kulti
Japan,Kumagaya
Japan,Kumamoto
Ghana,Kumasi
India,Kumbakonam
Afghanistan,Kunduz
China,Kunming
China,Kunshan
Finland,Kuopio
Japan,Kurashiki
Japan,"Kure, Hiroshima"
Russia,"Kurgan, Kurgan Oblast"
India,Kurichi
India,Kurnool
Russia,Kursk
Japan,Kurume
Japan,"Kusatsu, Shiga"
Japan,Kushiro
North Korea,Kusong
Iraq,Kut
Turkey,Kütahya
Georgia (country),Kutaisi
Kuwait,Kuwait City
Japan,Kuwana
China,Kuytun
Zimbabwe,Kwekwe
Ukraine,Kyiv
Japan,Kyoto
Russia,Kyzyl
Kazakhstan,Kyzylorda
India,Jabalpur
Brazil,Jaboatao dos Guarapes
Brazil,Jacareí
United States,"Jackson, Mississippi"
United States,Jacksonville
Pakistan,Jacobabad
Spain,"Jaén, Spain"
India,Jagadhri
India,Jagdalpur
India,Jagtial
Iran,Jahrom
India,Jaipur
Indonesia,Jakarta
Afghanistan,Jalalabad
India,Jalandhar
India,Jalgaon
India,Jalna (city)
India,Jalpaiguri
Bangladesh,"Jamalpur, Bangladesh"
India,"Jamalpur, Bihar"
Indonesia,Jambi (city)
India,Jammu
India,Jamnagar
India,Jamshedpur
Colombia,Jamundí
India,Jamuria
Brazil,Jandira
Brazil,Japeri
Brazil,Jaraguá do Sul
Pakistan,Jaranwala
Brazil,Jaú
India,"Jaunpur, Uttar Pradesh"
Indonesia,Jayapura
Saudi Arabia,Jeddah
India,Jehanabad
South Korea,Jeju City
Germany,Jena
South Korea,Jeongeup
North Korea,Jeongju
South Korea,Jeonju
Brazil,Jequié
Spain,Jerez de la Frontera
United States,Jersey City
Israel,Jerusalem
Bangladesh,Jessore
India,"Jetpur, Navagadh"
Pakistan,Jhang
India,Jhansi
Pakistan,Jhelum
India,Jhunjhunu
China,Jiagedaqi
China,Jiamusi
China,"Ji'an, Jiangxi"
China,"Ji'an, Jilin"
China,Jiangmen
China,Jiangshan
China,Jiangyin
China,Jiangyou
China,"Jiaohe, Jilin"
China,Jiaojiang
China,Jiaozhou City
China,Jiaozuo
China,Jiaxing
China,Jiayuguan (city)
China,Jieshou
Algeria,Jijel
Ethiopia,Jimma
China,"Jimo, Shandong"
China,Jinan
China,Jinchang
China,Jincheng
India,Jind
China,Jingdezhen
China,Jingmen
China,Jingzhou
China,Jinhua
China,"Jining, Shandong"
China,Jinshi City
China,Jinzhong
China,Jinzhou
Brazil,Ji-Paraná
Iran,Jiroft
China,Jishou
Iraq,Jisr Diyala
China,Jiujiang
China,Jiuquan
China,Jiutai
Mexico,Jiutepec
China,Jixi
China,Jiyuan
Saudi Arabia,Jizan
Uzbekistan,Jizzakh
Kuwait,Jleeb Al-Shuyoukh
Brazil,"João Pessoa, Paraíba"
India,Jodhpur
Japan,"Joetsu, Niigata"
South Africa,Johannesburg
Malaysia,Johor Bahru
Brazil,Joinville
United States,"Joliet, Illinois"
Philippines,"Jolo, Sulu"
India,Jorhat
Nigeria,Jos
Brazil,Juazeiro do Norte
Brazil,Juazeiro
South Sudan,Juba
Saudi Arabia,Jubail
Brazil,Juiz de Fora
Peru,Juliaca
India,Junagadh
Brazil,Jundiaí
Honduras,"Juticalpa, Olancho"
Finland,Jyväskylä
Romania,Iaşi
Nigeria,Ibadan
Colombia,Ibagué
Japan,"Ibaraki, Osaka"
Ecuador,"Ibarra, Ecuador"
Brazil,Ibirité
Oman,Ibri
Peru,Ica (city)
India,Ichalakaranji
Japan,"Ichihara, Chiba"
Japan,"Ichikawa, Chiba"
Japan,"Ichinomiya, Aichi"
Japan,"Ichinoseki, Iwate"
Syria,Idlib
Nigeria,Ife
Brazil,"Igarassu, Pernambuco"
Mexico,Iguala
Japan,"Iida, Nagano"
Japan,"Iizuka, Fukuoka"
Japan,"Ikeda, Osaka"
Nigeria,Ikere-Ekiti
Japan,"Ikoma, Nara"
South Korea,Iksan
Philippines,"Ilagan, Isabela"
Iran,"Ilam, Iran"
Nigeria,Ilesa
Brazil,Ilhéus
Philippines,Iligan
Philippines,Iloilo City
El Salvador,Ilopango
Nigeria,Ilorin
Japan,Imabari
Egypt,Imbaba
Brazil,Imperatriz
India,Imphal
Japan,Inazawa
South Korea,Incheon
Brazil,Indaiatuba
United States,"Independence, Missouri"
United States,Indianapolis
India,Indore
Turkey,Inegöl
Morocco,Inezgane
United States,"Inglewood, California"
Germany,Ingolstadt
Austria,Innsbruck
Brazil,Ipatinga
Colombia,Ipiales
Malaysia,Ipoh
United Kingdom,Ipswich
Chile,Iquique
Peru,Iquitos
Mexico,Irapuato
Jordan,Irbid
Philippines,Iriga
Russia,Irkutsk
Japan,"Iruma, Saitama"
United States,"Irvine, California"
United States,"Irving, Texas"
Philippines,"Isabela, Basilan"
Japan,"Isahaya, Nagasaki"
Japan,"Ise, Mie"
Japan,"Isehara, Kanagawa"
Japan,Isesaki
Japan,Ishinomaki
Iraq,Iskandariya
Turkey,İskenderun
Iran,Islam Shahr
Pakistan,Islamabad
Egypt,Ismaïlia
Turkey,Isparta
Turkey,İstanbul
Brazil,Itabira
Brazil,Itaboraí
Brazil,Itabuna
Brazil,Itaguaí
Colombia,Itagüí
Brazil,Itajaí
Japan,Itami
Brazil,Itapecerica da Serra
Brazil,Itapetininga
Brazil,Itapevi
Brazil,Itapipoca
Brazil,Itaquaquecetuba
Brazil,Itatiba
Brazil,"Itu, Brazil"
Brazil,Ituiutaba
Brazil,Itumbiara
Ukraine,Ivano-Frankivsk
Russia,Ivanovo
Japan,"Iwaki, Fukushima"
Japan,Iwakuni
Japan,"Iwata, Shizuoka"
Japan,Iwatsuki
Nigeria,"Iwo, Nigeria"
Mexico,Ixtapaluca
Iran,Izeh
Russia,Izhevsk
Turkey,İzmir
Turkey,İzmit
Japan,"Izumi, Osaka"
Japan,"Izumisano, Osaka"
Japan,"Izumo, Shimane"
Vietnam,Ha Long
Netherlands,Haarlem
Netherlands,Haarlemmermeer
Japan,Habikino
India,Habra
Japan,"Hachinohe, Aomori"
Japan,"Hachiōji, Tokyo"
Japan,Hadano
North Korea,Haeju
Saudi Arabia,Hafar Al-Batin
Pakistan,Hafizabad
Germany,Hagen
Netherlands,The Hague
China,"Haicheng, Liaoning"
Israel,Haifa
China,Haikou
Saudi Arabia,Ha'il
China,Hailun
China,Haining City
Vietnam,Haiphong
India,Hajipur
Japan,Hakodate
Japan,"Hakusan, Ishikawa"
India,Haldia
India,Haldwani-cum-Kathgodam
Canada,"Halifax, Nova Scotia"
India,Halisahar
Germany,Halle (Saale)
Syria,Hama
Iran,Hamadan
Japan,Hamamatsu
Germany,Hamburg
North Korea,Hamhung
China,Hami City
New Zealand,"Hamilton, New Zealand"
Canada,"Hamilton, Ontario"
Germany,Hamm
United States,"Hampton, Virginia"
Iraq,"Hamza, Iraq"
South Korea,Hanam
China,Hancheng
Japan,"Handa, Aichi"
China,Handan
China,Hangzhou
Vietnam,Hanoi
Germany,Hanover
India,Hanumangarh
China,Hanzhong
India,Haora
India,Hapur
Ethiopia,Harar
Zimbabwe,Harare
China,Harbin
India,Hardoi
Somalia,Hargeisa
India,Haridwar
United States,"Hartford, Connecticut"
India,"Hassan, India"
India,Hastsal
Thailand,Hat Yai
India,Hathras
Japan,"Hatsukaichi, Hiroshima"
Cuba,Havana
Kuwait,"Hawally, Kuwait"
Iraq,Hawija
United States,"Hayward, California"
India,Hazaribagh
China,Hebi
State of Palestine,Hebron
China,Hechi
Netherlands,Heerlen-Kerkrade
China,Hefei
China,Hegang
Germany,Heidelberg
China,Heihe
Germany,Heilbronn
Sweden,Helsingborg
Finland,Helsinki
Egypt,Helwan
United States,"Henderson, Nevada"
China,Hengshui
China,Hengyang
Greece,Heraklion
Afghanistan,Herat
Costa Rica,"Heredia, Costa Rica"
Mexico,Hermosillo
Germany,"Herne, Germany"
China,"Heshan, Guangdong"
China,Hetian
China,Heyuan
China,Heze
United States,"Hialeah, Florida"
Japan,Higashihiroshima
Japan,"Higashikurume, Tokyo"
Japan,"Higashimurayama, Tokyo"
Japan,Higashiōmi
Japan,"Higashiōsaka, Osaka"
United States,"High Point, North Carolina"
Dominican Republic,"Higüey, Dominican Republic"
Japan,Hikone
Germany,Hildesheim
Iraq,Hilla
Philippines,Himamaylan City
Japan,Himeji
India,Hindaun
India,Hindupur
India,Hinganghat
Japan,"Hino, Tokyo"
Japan,Hirakata
Japan,Hiratsuka
Japan,Hirosaki
Japan,Hiroshima
India,"Hisar, India"
Japan,"Hitachi, Ibaraki"
Japan,Hitachinaka
Vietnam,Ho Chi Minh City
Australia,"Hobart, Tasmania"
Japan,Hofu
Saudi Arabia,Hofuf
Uganda,Hoima
Cuba,Holguín
United States,"Hollywood, Florida"
Israel,Holon
Syria,Homs
Belarus,Homyel
Hong Kong,Hong Kong
China,Honghu
United States,Honolulu
Ukraine,Horlivka
Brazil,Hortolândia
India,Hoshangabad
India,Hoshiarpur
India,Hospet
Spain,Hospitalet de Llobregat
India,Hosur
India,Houghly-Chinsura
China,"Houma, Shanxi"
United States,Houston
Japan,"Hoya, Tokyo"
Myanmar,Hpa-An
Belarus,Hrodna
Taiwan,Hsinchu
China,"Huadian, Jilin"
China,Huaian
China,Huaibei
China,Huaihua
China,Huainan
China,"Huaiyin District, Huai'an"
Angola,Huambo
Peru,Huancayo
China,Huanghua
China,Huangshan City
China,"Huangshi, Hubei"
China,Huangyan District
Peru,Huánuco
Peru,Huaraz
China,Huaying
India,Hubli–Dharwad
Yemen,Hudaida
United Kingdom,Huddersfield
Vietnam,Huế
Spain,Huelva
China,Huhehaote
North Korea,Huichon
China,Huixian
China,Huizhou
China,Huludao
China,Hulunbuir
China,Hunchun
United States,"Huntington Beach, California"
United States,"Huntsville, Alabama"
China,Huozhou
Egypt,Hurghada
China,Huzhou
Pakistan,"Hyderabad, Sindh"
India,Hyderabad
North Korea,Hyesan
Tunisia,Gabès
Botswana,Gaborone
India,Gadag-Betgeri
Ivory Coast,Gagnoa
United States,"Gainesville, Florida"
Romania,Galați
India,Gandhidham
India,Gandhinagar
India,Ganganagar
India,"Gangapur, Sawai Madhopur"
India,"Gangavati, Karnataka"
South Korea,Gangneung
India,Gangtok
China,Ganzhou
China,Gaocheng District
Brazil,Garanhuns
United States,"Garden Grove, California"
Kenya,Garissa
United States,"Garland, Texas"
Cameroon,Garoua
Canada,Gatineau
India,"Gaya, India"
State of Palestine,Gaza City
Turkey,Gaziantep
Poland,Gdańsk
Poland,Gdynia
Turkey,Gebze
Australia,Geelong
China,Gejiu
Netherlands,Geleen-Sittard
Germany,Gelsenkirchen
Azerbaijan,Gəncə
Philippines,General Santos City
Switzerland,Geneva
Italy,Genova
Malaysia,"George Town, Penang"
Guyana,"Georgetown, Guyana"
South Africa,Germiston
Spain,Getafe
Algeria,Ghardaïa
Iraq,Gharraf (page does not exist)
India,"Ghaziabad, Uttar Pradesh"
India,Ghazipur
Afghanistan,Ghazni
Belgium,Ghent
Japan,"Gifu, Gifu"
Spain,Gijón
United States,"Gilbert, Arizona"
Philippines,Gingoog City
Colombia,"Girardot, Cundinamarca"
Turkey,Giresun
India,Giridih
Italy,Giugliano in Campania
Egypt,Giza
United Kingdom,Glasgow
United States,"Glendale, Arizona"
United States,"Glendale, California"
Poland,Gliwice
United Kingdom,Gloucester
India,Godhra
Ecuador,"Godoy Cruz, Mendoza"
Brazil,Goiânia
Costa Rica,Goicoechea (canton)
India,Gojra
Pakistan,Gojra
India,Gokal Pur
Australia,"Gold Coast, Australia"
Iran,"Golestan, Iran"
Democratic Republic of the Congo,Goma
Mexico,"Gómez Palacio, Durango"
Iran,Gonbad-e Qabus
India,"Gonda, Uttar Pradesh"
India,"Gondal, India"
Ethiopia,Gondar
India,Gondiya
China,Gongzhuling
India,Gorakhpur
Iran,Gorgan
Burkina Faso,Gorom-Gorom
Indonesia,Gorontalo
Poland,Gorzów Wielkopolski
Sweden,Gothenburg
Germany,Göttingen
Brazil,Governador Valadares
Nicaragua,"Granada, Nicaragua"
Spain,"Granada, Spain"
United States,Grand Prairie
United States,Grand Rapids
Brazil,Gravataí
Austria,Graz
India,Greater Noida
Canada,Greater Sudbury
United States,"Green Bay, Wisconsin"
United States,Greensboro
France,Grenoble
United States,"Gresham, Oregon"
Netherlands,Groningen (city)
Russia,Grozny
Venezuela,Guacara
Mexico,"Guadalajara, Jalisco"
Mexico,"Guadalupe, Nuevo León"
Mexico,Guanajuato City
Venezuela,Guanare
China,Guanghan
China,Guangshui
China,Guangyuan
China,Guangzhou
Cuba,Guantánamo
Brazil,Guarapari
Brazil,Guarapuava
Brazil,Guaratinguetá
Venezuela,Guarenas
Brazil,Guarujá
Brazil,Guarulhos
Guatemala,Guatemala City
Venezuela,Guatire
Ecuador,Guayaquil
Mexico,Guaymas
India,Gudivada
Senegal,Guédiawaye
Algeria,Guelma
Morocco,Guelmim
Canada,Guelph
China,Guigang
China,Guilin
Portugal,Guimarães
China,Guiyang
China,Gujiao
Pakistan,Gujranwala
India,Gujrat City
Pakistan,"Gujrat, Pakistan"
India,Gulbarga
Uganda,Gulu
South Korea,"Gumi, South Korea"
India,"Guna, India"
South Korea,Gunsan
India,Guntakul
India,Guntur
India,Gurgaon
South Korea,Guri
India,Guwahati
India,Gwalior
South Korea,Gwangju
Zimbabwe,Gweru
South Korea,Gyeongju
Hungary,Győr
Armenia,Gyumri
Colombia,Facatativá
United States,"Fairfield, California"
Pakistan,Faisalabad
India,Faizabad
Iraq,Fallujah
United States,"Fargo, North Dakota"
India,Faridabad
India,Farrukhabad
Iran,Fasa
India,Fatehgarh
India,"Fatehpur, Uttar Pradesh"
United States,"Fayetteville, North Carolina"
Egypt,Fayyum
Brazil,Feira de Santana
China,"Fengcheng, Jiangxi"
China,Fenghua
Uzbekistan,Fergana
Paraguay,"Fernando de la Mora, Paraguay"
Italy,Ferrara
Brazil,Ferraz de Vasconcelos
Morocco,Fes
Madagascar,Fianarantsoa
India,Firozabad
India,Firozpur
United States,"Flint, Michigan"
Italy,Florence
Colombia,"Florencia, Caquetá"
Brazil,Florianópolis
Colombia,"Floridablanca, Santander"
Italy,Foggia
United States,"Fontana, California"
Italy,Forlì
Argentina,"Formosa, Argentina"
Brazil,"Formosa, Goiás"
United States,Fort Collins
United States,Fort Lauderdale
United States,Fort Wayne
United States,Fort Worth
Brazil,Fortaleza
China,Foshan
Brazil,Foz do Iguaçu
Morocco,Fquih Ben Salah
Brazil,Franca
Gabon,Franceville
Brazil,Francisco Morato
Botswana,Francistown
Brazil,Franco da Rocha
Germany,Frankfurt am Main
Denmark,Frederiksberg
Sierra Leone,Freetown
Germany,Freiburg im Breisgau
United States,"Fremont, California"
Mexico,Fresnillo
United States,Fresno
United States,"Frisco, Texas"
China,Fu'an
Japan,"Fuchu, Tokyo"
Spain,Fuenlabrada
Japan,"Fuji, Shizuoka"
Japan,Fujieda
Japan,"Fujimi, Saitama"
Japan,"Fujimino, Saitama"
China,Fujin City
Japan,Fujinomiya
Japan,"Fujisawa, Kanagawa"
Japan,Fukaya
Japan,"Fukui, Fukui"
Japan,Fukuoka
Japan,"Fukushima, Fukushima"
Japan,"Fukuyama, Hiroshima"
China,Fuling
United States,"Fullerton, California"
Japan,Funabashi (city)
Portugal,Funchal
Germany,Fürth
Colombia,Fusagasugá
China,Fushun
China,Fuxin
China,Fuyang
China,"Fuzhou, Jiangxi"
China,Fuzhou
State of Palestine,East Jerusalem
United Kingdom,Eastbourne
Japan,Ebetsu
Japan,"Ebina, Kanagawa"
Mexico,Ecatepec
Netherlands,"Ede, Netherlands"
Nigeria,"Ede, Osun"
United Kingdom,Edinburgh
Turkey,Edirne
Canada,Edmonton
Netherlands,Eindhoven
Kazakhstan,Ekibastuz
Western Sahara,El Aaiún
Bolivia,El Alto
Algeria,El Eulma
Morocco,El Jadida
Algeria,El Khroub
United States,"El Monte, California"
Sudan,El-Obeid
Algeria,El Oued
United States,El Paso
Honduras,El Progreso
Venezuela,El Tigre
Turkey,Elazığ
Albania,Elbasan
Poland,Elbląg
Spain,Elche
Kenya,Eldoret
Russia,Elektrostal
United States,"Elgin, Illinois"
Russia,Elista
United States,"Elizabeth, New Jersey"
United States,"Elk Grove, California"
Egypt,El-Mahalla El-Kubra
India,Eluru
Brazil,Embu das Artes
Netherlands,"Emmen, Netherlands"
Russia,"Engels, Saratov Oblast"
India,English Bazar
Netherlands,Enschede
Mexico,"Ensenada, Baja California"
China,Enshi City
Nigeria,Enugu
Colombia,Envigado
Iraq,Erbil
Germany,Erfurt
United States,"Erie, Pennsylvania"
Germany,Erlangen
India,Erode
Turkey,Erzurum
United States,"Escondido, California"
Guatemala,Escuintla
Turkey,Esenler
Iran,Esfahan
Turkey,Eskişehir
Ecuador,"Esmeraldas, Ecuador"
Finland,Espoo
Germany,Essen
India,Etah
India,Etawah
United States,"Eugene, Oregon"
South Korea,Eujeongbu
United States,"Evansville, Indiana"
United States,"Everett, Washington"
United Kingdom,Exeter
China,Ezhou
Vietnam,Da Lat
Vietnam,Da Nang
India,Dabgram
Poland,Dąbrowa Górnicza
Pakistan,"Dadu, Pakistan"
South Korea,Daegu
South Korea,Daejeon
Philippines,Dagupan
India,Dahod
Japan,"Daitō, Osaka"
Senegal,Dakar
China,"Dali, Yunnan"
China,Dalian
United States,Dallas
India,Dallupura
Ivory Coast,Daloa
United States,Daly City
Egypt,Damanhur
Syria,Damascus
Egypt,Damietta
Saudi Arabia,Dammam
India,Damoh
Philippines,Danao City
India,Danapur
China,Dandong
China,Dangyang
China,Danjiangkou
Honduras,"Danlí, El Paraíso"
China,"Danyang, Jiangsu"
China,Daqing
Tanzania,Dar Es Salaam
Philippines,"Daraga, Albay"
India,Darbhanga
India,Darjeeling
Germany,Darmstadt
Australia,"Darwin, Australia"
Pakistan,Daska
Philippines,"Dasmariñas, Cavite"
Turkmenistan,Daşoguz
India,Datia
China,Datong
India,Davangere
Philippines,Davao City
Myanmar,Dawei
United States,"Dayton, Ohio"
China,Dazhou
Hungary,Debrecen
India,Deesa
Sri Lanka,Dehiwala-Mount Lavinia
India,Dehradun
India,Dehri
Syria,Deir ez Zor
Netherlands,Delft
India,Delhi Cantonment
India,Delhi
Mexico,"Delicias, Chihuahua"
Haiti,"Delmas, Ouest"
China,Dengzhou
Turkey,Denizli
Indonesia,Denpasar
United States,"Denton, Texas"
United States,Denver
India,Deoghar
India,"Deoli, Delhi"
India,"Deoria, Uttar Pradesh"
Indonesia,Depok
Pakistan,Dera Ghazi Khan
Russia,Derbent
United Kingdom,Derby
Turkey,Derince
United Kingdom,Derry
United States,Des Moines
Ethiopia,Dessie
United States,Detroit
India,Dewas
China,Deyang
Iran,Dezful
China,Dezhou
Saudi Arabia,Dhahran
Bangladesh,Dhaka
India,Dhamtari district
India,Dhanbad
Nepal,Dhangadhi
Nepal,"Dharan, Nepal"
India,"Dharmavaram, Anantapur district"
India,Dholpur
India,Dhule
Brazil,"Diadema, São Paulo"
China,Diaobingshan
India,Dibrugarh
Philippines,Digos City
France,Dijon
East Timor,Dili
India,Dimapur
Russia,"Dimitrovgrad, Russia"
Bangladesh,Dinajpur
India,Dindigul
China,Dingzhou
Senegal,Diourbel
Philippines,Dipolog City
Ethiopia,Dire Dawa
Brazil,Divinópolis
Ivory Coast,"Divo, Ivory Coast"
Iraq,Diwaniyah
Turkey,Diyarbakır
Algeria,Djelfa
Djibouti,Djibouti
Ukraine,Dnipro
Tanzania,Dodoma
Qatar,Doha
Iraq,Dohuk
India,Dombivli
Ukraine,Donetsk
China,Dongchuan
China,Dongguan
China,Dongtai
China,Dongyang
China,Dongying
Netherlands,Dordrecht
Germany,Dortmund
Spain,Dos Hermanas
Colombia,Dos Quebradas
Cameroon,Douala
Brazil,Dourados
United States,"Downey, California"
Germany,Dresden
United Arab Emirates,Dubai
Republic of Ireland,Dublin
United Kingdom,Dudley
Germany,Duisburg
Colombia,Duitama
Iraq,Dujail
China,Dujiangyan City
India,Dum Dum
Philippines,Dumaguete
United Kingdom,Dundee
New Zealand,Dunedin
China,Dunhua
China,Dunhuang
Brazil,"Duque de Caxias, Rio de Janeiro"
Ecuador,"Durán, Ecuador"
Mexico,"Durango, Durango"
South Africa,Durban
India,Durg
India,Durgapur
United States,"Durham, North Carolina"
Albania,Durrës
Tajikistan,Dushanbe
Germany,Düsseldorf
China,Duyun
Turkey,Düzce
Russia,"Dzerzhinsk, Russia"
Philippines,Cabanatuan City
Venezuela,Cabimas
Brazil,Cabo de Santo Agostinho
Brazil,Cabo Frio
Philippines,Cabuyao City
Brazil,Cachoeirinha
Brazil,Cachoeiro de Itapemirim
Philippines,Cadiz City
Spain,Cádiz
France,Caen
Philippines,Cagayan de Oro
Italy,Cagliari
Venezuela,Cagua
Puerto Rico,Caguas
Philippines,Cainta
Australia,Cairns
Egypt,Cairo
Peru,Cajamarca
Nigeria,Calabar
Chile,"Calama, Chile"
Philippines,Calamba City
Philippines,Calapan City
Philippines,Calbayog
Canada,Calgary
Colombia,Cali
Philippines,Caloocan
Vietnam,Cẩm Phả
Brazil,Camaçari
Cuba,Camagüey
Brazil,Camaragibe
United States,"Cambridge, Massachusetts"
Canada,"Cambridge, Ontario"
United Kingdom,Cambridge
Brazil,Cametá
Mexico,Campeche
Brazil,Campina Grande
Brazil,Campinas
Brazil,Campo Grande
Brazil,"Campo Largo, Paraná"
Brazil,Campos dos Goytacazes
Vietnam,Cần Thơ
Turkey,Çanakkale
Australia,Canberra
Mexico,Cancún
Philippines,"Candelaria, Quezon"
China,Cangzhou
Brazil,Canoas
United States,"Cape Coral, Florida"
South Africa,Cape Town
Haiti,Cap-Haïtien
Paraguay,Capiatá
Venezuela,Caracas
Brazil,Caraguatatuba
Brazil,Carapicuíba
Philippines,"Carcar, Cebu"
United Kingdom,Cardiff
Brazil,Cariacica
United States,"Carlsbad, California"
Puerto Rico,"Carolina, Puerto Rico"
Venezuela,Carora
Haiti,"Carrefour, Haiti"
United States,"Carrollton, Texas"
Colombia,Cartagena de Indias
Colombia,"Cartagena, Colombia"
Spain,"Cartagena, Murcia"
Costa Rica,"Cartago, Costa Rica"
Colombia,"Cartago, Valle del Cauca"
Brazil,Caruaru
Venezuela,Carúpano
United States,"Cary, North Carolina"
Morocco,Casablanca
Brazil,Cascavel
Brazil,Castanhal
Spain,Castellón de la Plana
Honduras,Catacamas
Brazil,Catanduva
Italy,Catania
Philippines,Cauayan City
Brazil,Caucaia
Philippines,Cavite City
Brazil,Caxias (Maranhão)
Brazil,Caxias do Sul
Philippines,Cebu City
United States,Cedar Rapids
Mexico,Celaya
United States,"Centennial, Colorado"
Australia,Central Coast (New South Wales)
India,Champdani
India,Chandannagar
India,Chandausi
India,Chandigarh
United States,"Chandler, Arizona"
India,Chandrapur
China,Changchun
China,Changde
China,Changji
China,Changsha
China,Changshu
South Korea,Changwon
China,Changzhi
China,Changzhou
China,Chaohu
China,"Chaoyang, Liaoning"
China,Chaozhou
Brazil,Chapecó
Belgium,Charleroi
United States,"Charleston, South Carolina"
United States,Charlotte
India,Chas
Canada,"Chatham-Kent, Ontario"
United States,"Chattanooga, Tennessee"
Russia,Cheboksary
Russia,Chelyabinsk
Germany,Chemnitz
China,Chengde
China,Chengdu
India,Chennai
China,Chenzhou
South Korea,Cheonan
South Korea,Cheongju
Russia,Cherepovets
Ukraine,Cherkasy
Russia,Cherkessk
Ukraine,Chernihiv
Ukraine,Chernivtsi
United States,"Chesapeake, Virginia"
United Kingdom,Chester
Mexico,Chetumal
India,Chhapra
India,Chhatarpur
India,Chhindwara
Colombia,"Chía, Cundinamarca"
Thailand,Chiang Mai
Taiwan,Chiayi City
Japan,"Chiba, Chiba"
China,Chibi City
United States,Chicago
Peru,Chiclayo
China,Chifeng
Japan,Chigasaki
Mexico,"Chihuahua, Chihuahua"
India,Chikmagalur
Japan,Chikusei
Japan,"Chikushino, Fukuoka"
India,Chilakaluripet
Chile,Chillán
Mexico,Chilpancingo
Mexico,Chimalhuacán
Peru,Chimbote
Mozambique,Chimoio
Nicaragua,Chinandega
Peru,Chincha Alta
Zambia,Chingola
Pakistan,Chiniot
Zambia,Chipata
Uzbekistan,Chirchiq
Pakistan,Chishtian
Moldova,Chişinău
Russia,"Chita, Zabaykalsky Krai"
India,Chitradurga
Bangladesh,Chittagong
India,Chittoor
India,Chittorgarh
Zimbabwe,Chitungwiza
China,Chizhou
Algeria,Chlef
Japan,"Chōfu, Tokyo"
Honduras,Choloma
Honduras,"Choluteca, Choluteca"
Thailand,Chonburi (city)
North Korea,Chongjin
China,Chongqing
Poland,Chorzów
New Zealand,Christchurch
United States,"Chula Vista, California"
South Korea,Chuncheon
South Korea,Chungju
India,Churu
China,Chuxiong City
China,Chuzhou
Cuba,Ciego de Ávila
Colombia,"Ciénaga, Magdalena"
Cuba,Cienfuegos
United States,Cincinnati
Indonesia,Cirebon
Mexico,Ciudad Acuña
Mexico,Ciudad Apodaca
Venezuela,Ciudad Bolívar
Mexico,Ciudad del Carmen
Paraguay,Ciudad del Este
El Salvador,Ciudad Delgado
Venezuela,Ciudad Guayana
Mexico,Ciudad Juárez
Mexico,Ciudad López Mateos
Venezuela,Ciudad Losada
Mexico,Ciudad Madero
Mexico,Ciudad Nezahualcóyotl
Mexico,Ciudad Obregón
Venezuela,Ciudad Ojeda
Mexico,Ciudad Valles
Mexico,Ciudad Victoria
China,Cixi City
Turkey,Cizre
United States,"Clarksville, Tennessee"
United States,"Clearwater, Florida"
France,Clermont-Ferrand
United States,Cleveland
Romania,Cluj-Napoca
Mexico,Coacalco
Mexico,Coatzacoalcos
Bolivia,Cochabamba
Brazil,Codó
India,Coimbatore
Portugal,Coimbra
Brazil,Colatina
United Kingdom,Colchester
Mexico,"Colima, Colima"
Germany,Cologne
Brazil,"Colombo, Paraná"
Sri Lanka,Colombo
Panama,"Colón, Panama"
United States,"Colorado Springs, Colorado"
United States,"Columbia, Missouri"
United States,"Columbia, South Carolina"
United States,"Columbus, Georgia"
United States,"Columbus, Ohio"
Honduras,Comayagua
Bangladesh,Comilla
Mexico,Comitán
Argentina,Comodoro Rivadavia
Guinea,Conakry
Chile,"Concepción, Chile"
United States,"Concord, California"
Argentina,"Concordia, Entre Ríos"
Brazil,Conselheiro Lafaiete
Romania,Constanţa
Algeria,"Constantine, Algeria"
Brazil,Contagem
Denmark,Copenhagen
Chile,Copiapó
Chile,Coquimbo
Canada,Coquitlam
United States,Coral Springs
Argentina,"Córdoba, Argentina"
Spain,"Córdoba, Spain"
Mexico,"Córdoba, Veracruz"
Republic of Ireland,Cork (city)
Turkey,Çorlu
United States,"Corona, California"
Brazil,Coronel Fabriciano
Chile,"Coronel, Chile"
United States,"Corpus Christi, Texas"
Argentina,Corrientes
Turkey,Çorum
Brazil,Corumbá
United States,Costa Mesa
Philippines,Cotabato City
Brazil,Cotia
Benin,Cotonou
Germany,Cottbus
United Kingdom,Coventry
Romania,Craiova
Brazil,"Crato, Ceará"
United Kingdom,Crawley
Brazil,Criciúma
Venezuela,Cúa
Mexico,"Ciudad Cuauhtémoc, Chihuahua"
Mexico,Cuautitlán
Mexico,"Cuautla, Morelos"
Brazil,Cubatão
Colombia,Cúcuta
India,Cuddalore
Ecuador,"Cuenca, Ecuador"
Mexico,Cuernavaca
Brazil,Cuiabá
Mexico,Culiacán
Venezuela,Cumaná
Chile,Curicó
Brazil,Curitiba
Peru,Cusco
India,Cuttack
Poland,Częstochowa
Iran,Babol
Belarus,Babruysk
Brazil,Bacabal
Romania,Bacău
Philippines,Bacolod
Philippines,Bacoor
Spain,Badajoz
Spain,Badalona
India,Badlapur
Cameroon,Bafoussam
India,Bagaha
India,Bagalkot
Brazil,Bagé
Iraq,Baghdad
Afghanistan,Baghlan
Myanmar,"Bago, Burma"
Philippines,"Bago, Negros Occidental"
Philippines,Baguio
India,Bahadurgarh
India,Baharampur
Pakistan,Bahawalnagar
Pakistan,Bahawalpur
Argentina,Bahía Blanca
Ethiopia,Bahir Dar
India,Bahraich
Romania,Baia Mare
China,Baicheng
Somalia,Baidoa
India,Baidyabati
China,Baise City
China,Baishan
China,Baiyin
Dominican Republic,Bajos de Haina
United States,"Bakersfield, California"
Azerbaijan,Baku
Russia,Balakovo
Russia,Balashikha
India,Baleshwar
Turkey,Balıkesir
Indonesia,Balikpapan
Philippines,"Baliuag, Bulacan"
Australia,Ballarat
India,Ballia
India,"Bally, Bally-Jagachha"
India,"Bally, Howrah"
Brazil,Balneário Camboriú
Moldova,Bălți
United States,"Baltimore, Maryland"
India,Balurghat
Mali,Bamako
Cameroon,Bamenda
Indonesia,Banda Aceh
India,"Banda, Uttar Pradesh"
Iran,Bandar Abbas
Indonesia,Bandar Lampung
Brunei,Bandar Seri Begawan
Iran,Bandar-e Anzali
Iran,Bandar-e Mahshahr
Turkey,Bandırma
Indonesia,Bandung
India,Bangalore
India,Bangaon
Thailand,Bangkok
Central African Republic,Bangui
Egypt,Banha
Egypt,Bani Suwayf
Dominican Republic,Baní
Bosnia and Herzegovina,Banja Luka
Indonesia,Banjarmasin
The Gambia,Banjul
India,Bankura
India,Bansberia
India,Banswara
China,Baoding
China,Baoji
China,"Baoshan, Yunnan"
China,Baotou
Iraq,Baqubah
Spain,Barakaldo
Algeria,"Baraki, Algiers"
India,"Baran, Rajasthan"
India,Baranagar
Belarus,Baranovichi
India,Barasat
India,Baraut
Brazil,Barbacena
Brazil,"Barcarena, Pará"
Venezuela,"Barcelona, Anzoátegui"
Spain,Barcelona
India,Bardhaman
India,Bareilly
Italy,Bari
Algeria,Barika
Argentina,Bariloche
Venezuela,"Barinas, Barinas"
India,Baripada
Bangladesh,Barisal
Oman,"Barka, Oman"
India,Barnala
Russia,Barnaul
Venezuela,Barquisimeto
Brazil,Barra Mansa
India,Barrackpur
Colombia,Barrancabermeja
Colombia,Barranquilla
Brazil,Barreiras
Brazil,Barretos
Canada,Barrie
India,Barshi
Brazil,Barueri
Venezuela,Baruta
Belarus,Barysaw
Switzerland,Basel
Iraq,Bashiqa
India,Basirhat
Iraq,Basra
India,"Basti, Uttar Pradesh"
Israel,Bat Yam
India,Batala
Indonesia,Batam
Philippines,Batangas City
Russia,Bataysk
India,Bathinda
Turkey,"Batman, Turkey"
Algeria,"Batna, Algeria"
United States,"Baton Rouge, Louisiana"
Cambodia,Battambang
Indonesia,Batu (city)
Malaysia,Batu Pahat
Georgia (country),Batumi
Brazil,Bauru
Oman,Bawshar
Philippines,"Bayambang, Pangasinan"
Cuba,Bayamo
Puerto Rico,"Bayamón, Puerto Rico"
China,Bayannur
Philippines,Bayawan
Philippines,Baybay
China,Bazhou City
Mauritius,Beau-Bassin Rose-Hill
United States,"Beaumont, Texas"
India,Beawar
Algeria,Béchar
India,Beed
Israel,Beersheba
India,Begusarai
Iran,Behbahan
China,Bei'an
China,Beihai
China,Beijing
China,Beipiao
Mozambique,"Beira, Mozambique"
Lebanon,Beirut
Israel,Beit Shemesh
Algeria,Béjaïa
Indonesia,Bekasi
Brazil,Belém
United Kingdom,Belfast
Brazil,Belford Roxo
India,Belgaum
Russia,Belgorod
Serbia,Belgrade
India,Bellary
United States,"Bellevue, Washington"
Colombia,"Bello, Antioquia"
Brazil,Belo Horizonte
China,Bengbu
Libya,Benghazi
Indonesia,Bengkulu (city)
Angola,Benguela
Morocco,Beni Mellal
Mexico,"Benito Juárez Municipality, Quintana Roo"
South Africa,"Benoni, Gauteng"
Brazil,"Bento Gonçalves, Rio Grande do Sul"
China,Benxi
Japan,"Beppu, Ōita"
Somalia,Berbera
Ukraine,Berdyansk
Russia,Berezniki
Italy,Bergamo
Norway,Bergen
Germany,Bergisch Gladbach
India,Berhampur
Morocco,Berkane
United States,"Berkeley, California"
Germany,Berlin
Switzerland,Bern
Morocco,Berrechid
France,Besançon
Brazil,Betim
India,Bettiah
India,"Betul, Madhya Pradesh"
India,Bhadrak
India,"Bhadravathi, Karnataka"
India,"Bhadreswar, Hooghly"
India,Bhagalpur
India,Bhalswa Jahangir Pur
Pakistan,Bhalwal
Nepal,"Bharatpur, Nepal"
India,"Bharatpur, Rajasthan"
India,Bharuch
India,Bhatpara
India,Bhavnagar
India,Bhilai
India,Bhilwara
India,Bhimavaram
Nepal,Bhimdatta
India,Bhind
India,Bhiwadi
India,Bhiwandi
India,Bhiwani
India,Bhopal
India,Bhubaneswar
India,Bhuj
India,Bhusawal
Poland,Białystok
India,Bidar
India,Bidhannagar
Germany,Bielefeld
Poland,Bielsko-Biała
India,Bihar Sharif
India,"Bijapur, Karnataka"
India,Bikaner
Ukraine,Bila Tserkva
India,"Bilaspur, Chhattisgarh"
Spain,Bilbao
United States,"Billings, Montana"
Philippines,Biñan
Philippines,"Binangonan, Rizal"
Indonesia,Binjai
Malaysia,Bintulu
China,Binzhou
Nepal,Biratnagar
Nepal,Birgunj
Brazil,Birigui
Iran,Birjand
United States,"Birmingham, Alabama"
United Kingdom,Birmingham
Kyrgyzstan,Bishkek
Ethiopia,Bishoftu
Algeria,Biskra
Guinea-Bissau,Bissau
Indonesia,Bitung
Russia,Biysk
Tunisia,Bizerte
United Kingdom,Blackburn
United Kingdom,Blackpool
Russia,Blagoveshchensk
Malawi,Blantyre
Algeria,Blida
Indonesia,Blitar
South Africa,Bloemfontein
Brazil,Blumenau
Israel,Bnei Brak
Sierra Leone,"Bo, Sierra Leone"
Brazil,"Boa Vista, Roraima"
Burkina Faso,Bobo-Dioulasso
Dominican Republic,Boca Chica
Philippines,"Bocaue, Bulacan"
Germany,Bochum
Indonesia,Bogor
Colombia,Bogota
Bangladesh,Bogra
United States,"Boise, Idaho"
Iran,Bojnord
India,Bokaro Steel City
South Africa,Boksburg
China,"Bole, Xinjiang"
Italy,Bologna
United Kingdom,Bolton
Turkey,Bolu
Italy,Bolzano
Democratic Republic of the Congo,"Boma, Democratic Republic of the Congo"
Dominican Republic,Bonao
Philippines,"Bongao, Tawi-Tawi"
Germany,Bonn
France,Bordeaux
Algeria,Bordj Bou Arréridj
Algeria,Bordj El Kiffan
Iran,Borujerd
Somalia,Bosaso
United States,Boston
India,Botad
Romania,Botoșani
China,Botou
South Africa,Botshabelo
Germany,Bottrop
Brazil,Botucatu
Algeria,Bou Saâda
Ivory Coast,Bouaké
Algeria,Bouïra
United States,"Boulder, Colorado"
France,Boulogne-Billancourt
United Kingdom,Bournemouth
China,Bozhou
United Kingdom,Bradford
Portugal,Braga
Brazil,Bragança Paulista
Brazil,"Bragança, Pará"
Romania,Brăila
Canada,Brampton
Brazil,Brasília
Romania,Brașov
Slovakia,Bratislava
Russia,Bratsk
Germany,Braunschweig
Republic of the Congo,Brazzaville
Netherlands,Breda
Germany,Bremen (city)
Germany,Bremerhaven
Italy,Brescia
Belarus,"Brest, Belarus"
France,"Brest, France"
United States,"Bridgeport, Connecticut"
United Kingdom,Brighton
Australia,Brisbane
United Kingdom,Bristol
Czech Republic,Brno
United States,"Brownsville, Texas"
Belgium,Bruges
Brazil,"Brusque, Santa Catarina"
Belgium,Brussels
Russia,Bryansk
Colombia,Bucaramanga
Romania,Bucharest
South Korea,Bucheon
Hungary,Budapest
India,Budaun
Colombia,"Buenaventura, Colombia"
Argentina,Buenos Aires
United States,"Buffalo, New York"
Burundi,Bujumbura
Iran,Bukan
Democratic Republic of the Congo,Bukavu
Uzbekistan,Bukhara
India,Bulandshahr
Zimbabwe,Bulawayo
India,Bundi
Vietnam,Buôn Ma Thuột
Saudi Arabia,Buraidah
Somalia,Burao
India,Burari
United States,"Burbank, California"
Pakistan,Burewala
Bulgaria,Burgas
Spain,Burgos
India,Burhanpur
Canada,"Burlington, Ontario"
Canada,Burnaby
Turkey,Bursa
South Korea,Busan
Iran,Bushehr
Philippines,Butuan
Nepal,Butwal
India,Buxar
Romania,Buzău
Poland,Bydgoszcz
Poland,Bytom
